"Date","AQS_SITE_ID","POC","Daily Max 1-hour NO2 Concentration","UNITS","DAILY_AQI_VALUE","DAILY_OBS_COUNT","PERCENT_COMPLETE","AQS_PARAMETER_CODE","AQS_PARAMETER_DESC","CBSA_CODE","CBSA_NAME","STATE_CODE","STATE","COUNTY_CODE","COUNTY","SITE_LATITUDE","SITE_LONGITUDE"
"01/01/2015","170314201","1","14.8","ppb","13","24","100.0000","42602","Nitrogen dioxide (NO2)","16980","Chicago-Naperville-Elgin, IL-IN-WI","17","Illinois","031","Cook","42.139996190948","-87.7992269168431"
"01/02/2015","170314201","1","31","ppb","29","24","100.0000","42602","Nitrogen dioxide (NO2)","16980","Chicago-Naperville-Elgin, IL-IN-WI","17","Illinois","031","Cook","42.139996190948","-87.7992269168431"
"01/03/2015","170314201","1","27.1","ppb","25","24","100.0000","42602","Nitrogen dioxide (NO2)","16980","Chicago-Naperville-Elgin, IL-IN-WI","17","Illinois","031","Cook","42.139996190948","-87.7992269168431"
"01/04/2015","170314201","1","23.3","ppb","22","24","100.0000","42602","Nitrogen dioxide (NO2)","16980","Chicago-Naperville-Elgin, IL-IN-WI","17","Illinois","031","Cook","42.139996190948","-87.7992269168431"
"01/05/2015","170314201","1","26.5","ppb","25","24","100.0000","42602","Nitrogen dioxide (NO2)","16980","Chicago-Naperville-Elgin, IL-IN-WI","17","Illinois","031","Cook","42.139996190948","-87.7992269168431"
"01/06/2015","170314201","1","38.3","ppb","36","24","100.0000","42602","Nitrogen dioxide (NO2)","16980","Chicago-Naperville-Elgin, IL-IN-WI","17","Illinois","031","Cook","42.139996190948","-87.7992269168431"
"01/07/2015","170314201","1","16.6","ppb","15","24","100.0000","42602","Nitrogen dioxide (NO2)","16980","Chicago-Naperville-Elgin, IL-IN-WI","17","Illinois","031","Cook","42.139996190948","-87.7992269168431"
"01/08/2015","170314201","1","16.7","ppb","15","24","100.0000","42602","Nitrogen dioxide (NO2)","16980","Chicago-Naperville-Elgin, IL-IN-WI","17","Illinois","031","Cook","42.139996190948","-87.7992269168431"
"01/09/2015","170314201","1","21.7","ppb","20","22","92.0000","42602","Nitrogen dioxide (NO2)","16980","Chicago-Naperville-Elgin, IL-IN-WI","17","Illinois","031","Cook","42.139996190948","-87.7992269168431"
"01/10/2015","170314201","1","18","ppb","17","24","100.0000","42602","Nitrogen dioxide (NO2)","16980","Chicago-Naperville-Elgin, IL-IN-WI","17","Illinois","031","Cook","42.139996190948","-87.7992269168431"
"01/11/2015","170314201","1","24.4","ppb","23","24","100.0000","42602","Nitrogen dioxide (NO2)","16980","Chicago-Naperville-Elgin, IL-IN-WI","17","Illinois","031","Cook","42.139996190948","-87.7992269168431"
"01/12/2015","170314201","1","24","ppb","23","24","100.0000","42602","Nitrogen dioxide (NO2)","16980","Chicago-Naperville-Elgin, IL-IN-WI","17","Illinois","031","Cook","42.139996190948","-87.7992269168431"
"01/13/2015","170314201","1","36.6","ppb","34","24","100.0000","42602","Nitrogen dioxide (NO2)","16980","Chicago-Naperville-Elgin, IL-IN-WI","17","Illinois","031","Cook","42.139996190948","-87.7992269168431"
"01/14/2015","170314201","1","52.5","ppb","49","24","100.0000","42602","Nitrogen dioxide (NO2)","16980","Chicago-Naperville-Elgin, IL-IN-WI","17","Illinois","031","Cook","42.139996190948","-87.7992269168431"
"01/15/2015","170314201","1","28.4","ppb","26","23","96.0000","42602","Nitrogen dioxide (NO2)","16980","Chicago-Naperville-Elgin, IL-IN-WI","17","Illinois","031","Cook","42.139996190948","-87.7992269168431"
"01/16/2015","170314201","1","32.8","ppb","30","23","96.0000","42602","Nitrogen dioxide (NO2)","16980","Chicago-Naperville-Elgin, IL-IN-WI","17","Illinois","031","Cook","42.139996190948","-87.7992269168431"
"01/17/2015","170314201","1","24.6","ppb","23","24","100.0000","42602","Nitrogen dioxide (NO2)","16980","Chicago-Naperville-Elgin, IL-IN-WI","17","Illinois","031","Cook","42.139996190948","-87.7992269168431"
"01/18/2015","170314201","1","22.7","ppb","21","24","100.0000","42602","Nitrogen dioxide (NO2)","16980","Chicago-Naperville-Elgin, IL-IN-WI","17","Illinois","031","Cook","42.139996190948","-87.7992269168431"
"01/19/2015","170314201","1","28.6","ppb","26","24","100.0000","42602","Nitrogen dioxide (NO2)","16980","Chicago-Naperville-Elgin, IL-IN-WI","17","Illinois","031","Cook","42.139996190948","-87.7992269168431"
"01/20/2015","170314201","1","25.9","ppb","24","24","100.0000","42602","Nitrogen dioxide (NO2)","16980","Chicago-Naperville-Elgin, IL-IN-WI","17","Illinois","031","Cook","42.139996190948","-87.7992269168431"
"01/21/2015","170314201","1","23.8","ppb","22","21","88.0000","42602","Nitrogen dioxide (NO2)","16980","Chicago-Naperville-Elgin, IL-IN-WI","17","Illinois","031","Cook","42.139996190948","-87.7992269168431"
"01/22/2015","170314201","1","23.4","ppb","22","22","92.0000","42602","Nitrogen dioxide (NO2)","16980","Chicago-Naperville-Elgin, IL-IN-WI","17","Illinois","031","Cook","42.139996190948","-87.7992269168431"
"01/23/2015","170314201","1","16.6","ppb","15","22","92.0000","42602","Nitrogen dioxide (NO2)","16980","Chicago-Naperville-Elgin, IL-IN-WI","17","Illinois","031","Cook","42.139996190948","-87.7992269168431"
"01/24/2015","170314201","1","25.4","ppb","24","24","100.0000","42602","Nitrogen dioxide (NO2)","16980","Chicago-Naperville-Elgin, IL-IN-WI","17","Illinois","031","Cook","42.139996190948","-87.7992269168431"
"01/25/2015","170314201","1","14.9","ppb","13","24","100.0000","42602","Nitrogen dioxide (NO2)","16980","Chicago-Naperville-Elgin, IL-IN-WI","17","Illinois","031","Cook","42.139996190948","-87.7992269168431"
"01/26/2015","170314201","1","38.9","ppb","36","24","100.0000","42602","Nitrogen dioxide (NO2)","16980","Chicago-Naperville-Elgin, IL-IN-WI","17","Illinois","031","Cook","42.139996190948","-87.7992269168431"
"01/27/2015","170314201","1","35","ppb","33","23","96.0000","42602","Nitrogen dioxide (NO2)","16980","Chicago-Naperville-Elgin, IL-IN-WI","17","Illinois","031","Cook","42.139996190948","-87.7992269168431"
"01/28/2015","170314201","1","48.8","ppb","45","24","100.0000","42602","Nitrogen dioxide (NO2)","16980","Chicago-Naperville-Elgin, IL-IN-WI","17","Illinois","031","Cook","42.139996190948","-87.7992269168431"
"01/29/2015","170314201","1","38.2","ppb","36","24","100.0000","42602","Nitrogen dioxide (NO2)","16980","Chicago-Naperville-Elgin, IL-IN-WI","17","Illinois","031","Cook","42.139996190948","-87.7992269168431"
"01/30/2015","170314201","1","34.5","ppb","32","22","92.0000","42602","Nitrogen dioxide (NO2)","16980","Chicago-Naperville-Elgin, IL-IN-WI","17","Illinois","031","Cook","42.139996190948","-87.7992269168431"
"01/31/2015","170314201","1","34.9","ppb","32","24","100.0000","42602","Nitrogen dioxide (NO2)","16980","Chicago-Naperville-Elgin, IL-IN-WI","17","Illinois","031","Cook","42.139996190948","-87.7992269168431"
"02/01/2015","170314201","1","5.7","ppb","5","24","100.0000","42602","Nitrogen dioxide (NO2)","16980","Chicago-Naperville-Elgin, IL-IN-WI","17","Illinois","031","Cook","42.139996190948","-87.7992269168431"
"02/02/2015","170314201","1","22.1","ppb","21","24","100.0000","42602","Nitrogen dioxide (NO2)","16980","Chicago-Naperville-Elgin, IL-IN-WI","17","Illinois","031","Cook","42.139996190948","-87.7992269168431"
"02/03/2015","170314201","1","42.4","ppb","40","24","100.0000","42602","Nitrogen dioxide (NO2)","16980","Chicago-Naperville-Elgin, IL-IN-WI","17","Illinois","031","Cook","42.139996190948","-87.7992269168431"
"02/04/2015","170314201","1","34.6","ppb","32","24","100.0000","42602","Nitrogen dioxide (NO2)","16980","Chicago-Naperville-Elgin, IL-IN-WI","17","Illinois","031","Cook","42.139996190948","-87.7992269168431"
"02/05/2015","170314201","1","40.2","ppb","38","24","100.0000","42602","Nitrogen dioxide (NO2)","16980","Chicago-Naperville-Elgin, IL-IN-WI","17","Illinois","031","Cook","42.139996190948","-87.7992269168431"
"02/06/2015","170314201","1","35.7","ppb","33","22","92.0000","42602","Nitrogen dioxide (NO2)","16980","Chicago-Naperville-Elgin, IL-IN-WI","17","Illinois","031","Cook","42.139996190948","-87.7992269168431"
"02/07/2015","170314201","1","42.5","ppb","40","24","100.0000","42602","Nitrogen dioxide (NO2)","16980","Chicago-Naperville-Elgin, IL-IN-WI","17","Illinois","031","Cook","42.139996190948","-87.7992269168431"
"02/08/2015","170314201","1","34.3","ppb","32","24","100.0000","42602","Nitrogen dioxide (NO2)","16980","Chicago-Naperville-Elgin, IL-IN-WI","17","Illinois","031","Cook","42.139996190948","-87.7992269168431"
"02/09/2015","170314201","1","19.7","ppb","18","24","100.0000","42602","Nitrogen dioxide (NO2)","16980","Chicago-Naperville-Elgin, IL-IN-WI","17","Illinois","031","Cook","42.139996190948","-87.7992269168431"
"02/10/2015","170314201","1","27.2","ppb","25","24","100.0000","42602","Nitrogen dioxide (NO2)","16980","Chicago-Naperville-Elgin, IL-IN-WI","17","Illinois","031","Cook","42.139996190948","-87.7992269168431"
"02/11/2015","170314201","1","19.9","ppb","18","24","100.0000","42602","Nitrogen dioxide (NO2)","16980","Chicago-Naperville-Elgin, IL-IN-WI","17","Illinois","031","Cook","42.139996190948","-87.7992269168431"
"02/12/2015","170314201","1","31.7","ppb","29","24","100.0000","42602","Nitrogen dioxide (NO2)","16980","Chicago-Naperville-Elgin, IL-IN-WI","17","Illinois","031","Cook","42.139996190948","-87.7992269168431"
"02/13/2015","170314201","1","39.9","ppb","37","22","92.0000","42602","Nitrogen dioxide (NO2)","16980","Chicago-Naperville-Elgin, IL-IN-WI","17","Illinois","031","Cook","42.139996190948","-87.7992269168431"
"02/14/2015","170314201","1","16.5","ppb","15","24","100.0000","42602","Nitrogen dioxide (NO2)","16980","Chicago-Naperville-Elgin, IL-IN-WI","17","Illinois","031","Cook","42.139996190948","-87.7992269168431"
"02/15/2015","170314201","1","23.1","ppb","22","24","100.0000","42602","Nitrogen dioxide (NO2)","16980","Chicago-Naperville-Elgin, IL-IN-WI","17","Illinois","031","Cook","42.139996190948","-87.7992269168431"
"02/16/2015","170314201","1","43.9","ppb","41","24","100.0000","42602","Nitrogen dioxide (NO2)","16980","Chicago-Naperville-Elgin, IL-IN-WI","17","Illinois","031","Cook","42.139996190948","-87.7992269168431"
"02/17/2015","170314201","1","22.9","ppb","21","24","100.0000","42602","Nitrogen dioxide (NO2)","16980","Chicago-Naperville-Elgin, IL-IN-WI","17","Illinois","031","Cook","42.139996190948","-87.7992269168431"
"02/18/2015","170314201","1","29.1","ppb","27","24","100.0000","42602","Nitrogen dioxide (NO2)","16980","Chicago-Naperville-Elgin, IL-IN-WI","17","Illinois","031","Cook","42.139996190948","-87.7992269168431"
"02/19/2015","170314201","1","40","ppb","38","24","100.0000","42602","Nitrogen dioxide (NO2)","16980","Chicago-Naperville-Elgin, IL-IN-WI","17","Illinois","031","Cook","42.139996190948","-87.7992269168431"
"02/20/2015","170314201","1","48.9","ppb","45","22","92.0000","42602","Nitrogen dioxide (NO2)","16980","Chicago-Naperville-Elgin, IL-IN-WI","17","Illinois","031","Cook","42.139996190948","-87.7992269168431"
"02/21/2015","170314201","1","32.7","ppb","30","24","100.0000","42602","Nitrogen dioxide (NO2)","16980","Chicago-Naperville-Elgin, IL-IN-WI","17","Illinois","031","Cook","42.139996190948","-87.7992269168431"
"02/22/2015","170314201","1","32.9","ppb","30","24","100.0000","42602","Nitrogen dioxide (NO2)","16980","Chicago-Naperville-Elgin, IL-IN-WI","17","Illinois","031","Cook","42.139996190948","-87.7992269168431"
"02/23/2015","170314201","1","23.6","ppb","22","24","100.0000","42602","Nitrogen dioxide (NO2)","16980","Chicago-Naperville-Elgin, IL-IN-WI","17","Illinois","031","Cook","42.139996190948","-87.7992269168431"
"02/24/2015","170314201","1","24.4","ppb","23","24","100.0000","42602","Nitrogen dioxide (NO2)","16980","Chicago-Naperville-Elgin, IL-IN-WI","17","Illinois","031","Cook","42.139996190948","-87.7992269168431"
"02/25/2015","170314201","1","34.5","ppb","32","24","100.0000","42602","Nitrogen dioxide (NO2)","16980","Chicago-Naperville-Elgin, IL-IN-WI","17","Illinois","031","Cook","42.139996190948","-87.7992269168431"
"02/26/2015","170314201","1","31.5","ppb","29","24","100.0000","42602","Nitrogen dioxide (NO2)","16980","Chicago-Naperville-Elgin, IL-IN-WI","17","Illinois","031","Cook","42.139996190948","-87.7992269168431"
"02/27/2015","170314201","1","40.2","ppb","38","22","92.0000","42602","Nitrogen dioxide (NO2)","16980","Chicago-Naperville-Elgin, IL-IN-WI","17","Illinois","031","Cook","42.139996190948","-87.7992269168431"
"02/28/2015","170314201","1","52.4","ppb","49","24","100.0000","42602","Nitrogen dioxide (NO2)","16980","Chicago-Naperville-Elgin, IL-IN-WI","17","Illinois","031","Cook","42.139996190948","-87.7992269168431"
"03/01/2015","170314201","1","44.3","ppb","42","24","100.0000","42602","Nitrogen dioxide (NO2)","16980","Chicago-Naperville-Elgin, IL-IN-WI","17","Illinois","031","Cook","42.139996190948","-87.7992269168431"
"03/02/2015","170314201","1","33","ppb","31","24","100.0000","42602","Nitrogen dioxide (NO2)","16980","Chicago-Naperville-Elgin, IL-IN-WI","17","Illinois","031","Cook","42.139996190948","-87.7992269168431"
"03/03/2015","170314201","1","24.3","ppb","23","24","100.0000","42602","Nitrogen dioxide (NO2)","16980","Chicago-Naperville-Elgin, IL-IN-WI","17","Illinois","031","Cook","42.139996190948","-87.7992269168431"
"03/04/2015","170314201","1","29","ppb","27","24","100.0000","42602","Nitrogen dioxide (NO2)","16980","Chicago-Naperville-Elgin, IL-IN-WI","17","Illinois","031","Cook","42.139996190948","-87.7992269168431"
"03/05/2015","170314201","1","30.3","ppb","28","24","100.0000","42602","Nitrogen dioxide (NO2)","16980","Chicago-Naperville-Elgin, IL-IN-WI","17","Illinois","031","Cook","42.139996190948","-87.7992269168431"
"03/06/2015","170314201","1","35.6","ppb","33","22","92.0000","42602","Nitrogen dioxide (NO2)","16980","Chicago-Naperville-Elgin, IL-IN-WI","17","Illinois","031","Cook","42.139996190948","-87.7992269168431"
"03/07/2015","170314201","1","21","ppb","20","24","100.0000","42602","Nitrogen dioxide (NO2)","16980","Chicago-Naperville-Elgin, IL-IN-WI","17","Illinois","031","Cook","42.139996190948","-87.7992269168431"
"03/08/2015","170314201","1","23.3","ppb","22","24","100.0000","42602","Nitrogen dioxide (NO2)","16980","Chicago-Naperville-Elgin, IL-IN-WI","17","Illinois","031","Cook","42.139996190948","-87.7992269168431"
"03/09/2015","170314201","1","43.3","ppb","41","24","100.0000","42602","Nitrogen dioxide (NO2)","16980","Chicago-Naperville-Elgin, IL-IN-WI","17","Illinois","031","Cook","42.139996190948","-87.7992269168431"
"03/10/2015","170314201","1","25.4","ppb","24","24","100.0000","42602","Nitrogen dioxide (NO2)","16980","Chicago-Naperville-Elgin, IL-IN-WI","17","Illinois","031","Cook","42.139996190948","-87.7992269168431"
"03/11/2015","170314201","1","41.3","ppb","39","24","100.0000","42602","Nitrogen dioxide (NO2)","16980","Chicago-Naperville-Elgin, IL-IN-WI","17","Illinois","031","Cook","42.139996190948","-87.7992269168431"
"03/12/2015","170314201","1","42.8","ppb","40","22","92.0000","42602","Nitrogen dioxide (NO2)","16980","Chicago-Naperville-Elgin, IL-IN-WI","17","Illinois","031","Cook","42.139996190948","-87.7992269168431"
"03/13/2015","170314201","1","33.5","ppb","31","24","100.0000","42602","Nitrogen dioxide (NO2)","16980","Chicago-Naperville-Elgin, IL-IN-WI","17","Illinois","031","Cook","42.139996190948","-87.7992269168431"
"03/14/2015","170314201","1","17.5","ppb","16","24","100.0000","42602","Nitrogen dioxide (NO2)","16980","Chicago-Naperville-Elgin, IL-IN-WI","17","Illinois","031","Cook","42.139996190948","-87.7992269168431"
"03/15/2015","170314201","1","34","ppb","32","24","100.0000","42602","Nitrogen dioxide (NO2)","16980","Chicago-Naperville-Elgin, IL-IN-WI","17","Illinois","031","Cook","42.139996190948","-87.7992269168431"
"03/16/2015","170314201","1","16.4","ppb","15","24","100.0000","42602","Nitrogen dioxide (NO2)","16980","Chicago-Naperville-Elgin, IL-IN-WI","17","Illinois","031","Cook","42.139996190948","-87.7992269168431"
"03/17/2015","170314201","1","35.4","ppb","33","24","100.0000","42602","Nitrogen dioxide (NO2)","16980","Chicago-Naperville-Elgin, IL-IN-WI","17","Illinois","031","Cook","42.139996190948","-87.7992269168431"
"03/18/2015","170314201","1","39.8","ppb","37","24","100.0000","42602","Nitrogen dioxide (NO2)","16980","Chicago-Naperville-Elgin, IL-IN-WI","17","Illinois","031","Cook","42.139996190948","-87.7992269168431"
"03/19/2015","170314201","1","38.1","ppb","36","24","100.0000","42602","Nitrogen dioxide (NO2)","16980","Chicago-Naperville-Elgin, IL-IN-WI","17","Illinois","031","Cook","42.139996190948","-87.7992269168431"
"03/20/2015","170314201","1","16","ppb","15","23","96.0000","42602","Nitrogen dioxide (NO2)","16980","Chicago-Naperville-Elgin, IL-IN-WI","17","Illinois","031","Cook","42.139996190948","-87.7992269168431"
"03/21/2015","170314201","1","20.2","ppb","19","24","100.0000","42602","Nitrogen dioxide (NO2)","16980","Chicago-Naperville-Elgin, IL-IN-WI","17","Illinois","031","Cook","42.139996190948","-87.7992269168431"
"03/22/2015","170314201","1","6.4","ppb","6","24","100.0000","42602","Nitrogen dioxide (NO2)","16980","Chicago-Naperville-Elgin, IL-IN-WI","17","Illinois","031","Cook","42.139996190948","-87.7992269168431"
"03/23/2015","170314201","1","7.9","ppb","7","24","100.0000","42602","Nitrogen dioxide (NO2)","16980","Chicago-Naperville-Elgin, IL-IN-WI","17","Illinois","031","Cook","42.139996190948","-87.7992269168431"
"03/24/2015","170314201","1","19","ppb","18","24","100.0000","42602","Nitrogen dioxide (NO2)","16980","Chicago-Naperville-Elgin, IL-IN-WI","17","Illinois","031","Cook","42.139996190948","-87.7992269168431"
"03/25/2015","170314201","1","31.5","ppb","29","24","100.0000","42602","Nitrogen dioxide (NO2)","16980","Chicago-Naperville-Elgin, IL-IN-WI","17","Illinois","031","Cook","42.139996190948","-87.7992269168431"
"03/26/2015","170314201","1","24.7","ppb","23","24","100.0000","42602","Nitrogen dioxide (NO2)","16980","Chicago-Naperville-Elgin, IL-IN-WI","17","Illinois","031","Cook","42.139996190948","-87.7992269168431"
"03/27/2015","170314201","1","18.3","ppb","17","24","100.0000","42602","Nitrogen dioxide (NO2)","16980","Chicago-Naperville-Elgin, IL-IN-WI","17","Illinois","031","Cook","42.139996190948","-87.7992269168431"
"03/28/2015","170314201","1","36.8","ppb","34","24","100.0000","42602","Nitrogen dioxide (NO2)","16980","Chicago-Naperville-Elgin, IL-IN-WI","17","Illinois","031","Cook","42.139996190948","-87.7992269168431"
"03/29/2015","170314201","1","36.4","ppb","34","24","100.0000","42602","Nitrogen dioxide (NO2)","16980","Chicago-Naperville-Elgin, IL-IN-WI","17","Illinois","031","Cook","42.139996190948","-87.7992269168431"
"03/30/2015","170314201","1","18.6","ppb","17","24","100.0000","42602","Nitrogen dioxide (NO2)","16980","Chicago-Naperville-Elgin, IL-IN-WI","17","Illinois","031","Cook","42.139996190948","-87.7992269168431"
"03/31/2015","170314201","1","42","ppb","40","22","92.0000","42602","Nitrogen dioxide (NO2)","16980","Chicago-Naperville-Elgin, IL-IN-WI","17","Illinois","031","Cook","42.139996190948","-87.7992269168431"
"04/01/2015","170314201","1","39.2","ppb","37","23","96.0000","42602","Nitrogen dioxide (NO2)","16980","Chicago-Naperville-Elgin, IL-IN-WI","17","Illinois","031","Cook","42.139996190948","-87.7992269168431"
"04/02/2015","170314201","1","21.6","ppb","20","23","96.0000","42602","Nitrogen dioxide (NO2)","16980","Chicago-Naperville-Elgin, IL-IN-WI","17","Illinois","031","Cook","42.139996190948","-87.7992269168431"
"04/03/2015","170314201","1","20.5","ppb","19","24","100.0000","42602","Nitrogen dioxide (NO2)","16980","Chicago-Naperville-Elgin, IL-IN-WI","17","Illinois","031","Cook","42.139996190948","-87.7992269168431"
"04/04/2015","170314201","1","33.1","ppb","31","24","100.0000","42602","Nitrogen dioxide (NO2)","16980","Chicago-Naperville-Elgin, IL-IN-WI","17","Illinois","031","Cook","42.139996190948","-87.7992269168431"
"04/05/2015","170314201","1","5.7","ppb","5","24","100.0000","42602","Nitrogen dioxide (NO2)","16980","Chicago-Naperville-Elgin, IL-IN-WI","17","Illinois","031","Cook","42.139996190948","-87.7992269168431"
"04/06/2015","170314201","1","30.3","ppb","28","24","100.0000","42602","Nitrogen dioxide (NO2)","16980","Chicago-Naperville-Elgin, IL-IN-WI","17","Illinois","031","Cook","42.139996190948","-87.7992269168431"
"04/07/2015","170314201","1","6.2","ppb","6","24","100.0000","42602","Nitrogen dioxide (NO2)","16980","Chicago-Naperville-Elgin, IL-IN-WI","17","Illinois","031","Cook","42.139996190948","-87.7992269168431"
"04/08/2015","170314201","1","8.6","ppb","8","22","92.0000","42602","Nitrogen dioxide (NO2)","16980","Chicago-Naperville-Elgin, IL-IN-WI","17","Illinois","031","Cook","42.139996190948","-87.7992269168431"
"04/09/2015","170314201","1","19.7","ppb","18","24","100.0000","42602","Nitrogen dioxide (NO2)","16980","Chicago-Naperville-Elgin, IL-IN-WI","17","Illinois","031","Cook","42.139996190948","-87.7992269168431"
"04/10/2015","170314201","1","12.5","ppb","11","24","100.0000","42602","Nitrogen dioxide (NO2)","16980","Chicago-Naperville-Elgin, IL-IN-WI","17","Illinois","031","Cook","42.139996190948","-87.7992269168431"
"04/11/2015","170314201","1","26.4","ppb","25","24","100.0000","42602","Nitrogen dioxide (NO2)","16980","Chicago-Naperville-Elgin, IL-IN-WI","17","Illinois","031","Cook","42.139996190948","-87.7992269168431"
"04/12/2015","170314201","1","11.5","ppb","10","24","100.0000","42602","Nitrogen dioxide (NO2)","16980","Chicago-Naperville-Elgin, IL-IN-WI","17","Illinois","031","Cook","42.139996190948","-87.7992269168431"
"04/13/2015","170314201","1","10.9","ppb","9","24","100.0000","42602","Nitrogen dioxide (NO2)","16980","Chicago-Naperville-Elgin, IL-IN-WI","17","Illinois","031","Cook","42.139996190948","-87.7992269168431"
"04/14/2015","170314201","1","29.9","ppb","27","24","100.0000","42602","Nitrogen dioxide (NO2)","16980","Chicago-Naperville-Elgin, IL-IN-WI","17","Illinois","031","Cook","42.139996190948","-87.7992269168431"
"04/15/2015","170314201","1","30.6","ppb","28","24","100.0000","42602","Nitrogen dioxide (NO2)","16980","Chicago-Naperville-Elgin, IL-IN-WI","17","Illinois","031","Cook","42.139996190948","-87.7992269168431"
"04/22/2015","170314201","1","21.8","ppb","20","24","100.0000","42602","Nitrogen dioxide (NO2)","16980","Chicago-Naperville-Elgin, IL-IN-WI","17","Illinois","031","Cook","42.139996190948","-87.7992269168431"
"04/23/2015","170314201","1","29.3","ppb","27","22","92.0000","42602","Nitrogen dioxide (NO2)","16980","Chicago-Naperville-Elgin, IL-IN-WI","17","Illinois","031","Cook","42.139996190948","-87.7992269168431"
"04/24/2015","170314201","1","36.3","ppb","34","24","100.0000","42602","Nitrogen dioxide (NO2)","16980","Chicago-Naperville-Elgin, IL-IN-WI","17","Illinois","031","Cook","42.139996190948","-87.7992269168431"
"04/25/2015","170314201","1","7.4","ppb","7","24","100.0000","42602","Nitrogen dioxide (NO2)","16980","Chicago-Naperville-Elgin, IL-IN-WI","17","Illinois","031","Cook","42.139996190948","-87.7992269168431"
"04/26/2015","170314201","1","8.7","ppb","8","24","100.0000","42602","Nitrogen dioxide (NO2)","16980","Chicago-Naperville-Elgin, IL-IN-WI","17","Illinois","031","Cook","42.139996190948","-87.7992269168431"
"04/27/2015","170314201","1","17.4","ppb","16","24","100.0000","42602","Nitrogen dioxide (NO2)","16980","Chicago-Naperville-Elgin, IL-IN-WI","17","Illinois","031","Cook","42.139996190948","-87.7992269168431"
"04/28/2015","170314201","1","26.8","ppb","25","24","100.0000","42602","Nitrogen dioxide (NO2)","16980","Chicago-Naperville-Elgin, IL-IN-WI","17","Illinois","031","Cook","42.139996190948","-87.7992269168431"
"04/29/2015","170314201","1","32.2","ppb","30","24","100.0000","42602","Nitrogen dioxide (NO2)","16980","Chicago-Naperville-Elgin, IL-IN-WI","17","Illinois","031","Cook","42.139996190948","-87.7992269168431"
"04/30/2015","170314201","1","21.7","ppb","20","22","92.0000","42602","Nitrogen dioxide (NO2)","16980","Chicago-Naperville-Elgin, IL-IN-WI","17","Illinois","031","Cook","42.139996190948","-87.7992269168431"
"05/01/2015","170314201","1","37.6","ppb","35","24","100.0000","42602","Nitrogen dioxide (NO2)","16980","Chicago-Naperville-Elgin, IL-IN-WI","17","Illinois","031","Cook","42.139996190948","-87.7992269168431"
"05/02/2015","170314201","1","38.1","ppb","36","24","100.0000","42602","Nitrogen dioxide (NO2)","16980","Chicago-Naperville-Elgin, IL-IN-WI","17","Illinois","031","Cook","42.139996190948","-87.7992269168431"
"05/03/2015","170314201","1","24.2","ppb","23","24","100.0000","42602","Nitrogen dioxide (NO2)","16980","Chicago-Naperville-Elgin, IL-IN-WI","17","Illinois","031","Cook","42.139996190948","-87.7992269168431"
"05/04/2015","170314201","1","16.2","ppb","15","24","100.0000","42602","Nitrogen dioxide (NO2)","16980","Chicago-Naperville-Elgin, IL-IN-WI","17","Illinois","031","Cook","42.139996190948","-87.7992269168431"
"05/05/2015","170314201","1","8","ppb","8","24","100.0000","42602","Nitrogen dioxide (NO2)","16980","Chicago-Naperville-Elgin, IL-IN-WI","17","Illinois","031","Cook","42.139996190948","-87.7992269168431"
"05/06/2015","170314201","1","18.2","ppb","17","24","100.0000","42602","Nitrogen dioxide (NO2)","16980","Chicago-Naperville-Elgin, IL-IN-WI","17","Illinois","031","Cook","42.139996190948","-87.7992269168431"
"05/07/2015","170314201","1","28.2","ppb","26","23","96.0000","42602","Nitrogen dioxide (NO2)","16980","Chicago-Naperville-Elgin, IL-IN-WI","17","Illinois","031","Cook","42.139996190948","-87.7992269168431"
"05/08/2015","170314201","1","15.4","ppb","14","24","100.0000","42602","Nitrogen dioxide (NO2)","16980","Chicago-Naperville-Elgin, IL-IN-WI","17","Illinois","031","Cook","42.139996190948","-87.7992269168431"
"05/09/2015","170314201","1","6.3","ppb","6","24","100.0000","42602","Nitrogen dioxide (NO2)","16980","Chicago-Naperville-Elgin, IL-IN-WI","17","Illinois","031","Cook","42.139996190948","-87.7992269168431"
"05/10/2015","170314201","1","4.4","ppb","4","24","100.0000","42602","Nitrogen dioxide (NO2)","16980","Chicago-Naperville-Elgin, IL-IN-WI","17","Illinois","031","Cook","42.139996190948","-87.7992269168431"
"05/11/2015","170314201","1","20.8","ppb","19","24","100.0000","42602","Nitrogen dioxide (NO2)","16980","Chicago-Naperville-Elgin, IL-IN-WI","17","Illinois","031","Cook","42.139996190948","-87.7992269168431"
"05/12/2015","170314201","1","12.5","ppb","11","24","100.0000","42602","Nitrogen dioxide (NO2)","16980","Chicago-Naperville-Elgin, IL-IN-WI","17","Illinois","031","Cook","42.139996190948","-87.7992269168431"
"05/13/2015","170314201","1","19.7","ppb","18","24","100.0000","42602","Nitrogen dioxide (NO2)","16980","Chicago-Naperville-Elgin, IL-IN-WI","17","Illinois","031","Cook","42.139996190948","-87.7992269168431"
"05/14/2015","170314201","1","11.5","ppb","10","22","92.0000","42602","Nitrogen dioxide (NO2)","16980","Chicago-Naperville-Elgin, IL-IN-WI","17","Illinois","031","Cook","42.139996190948","-87.7992269168431"
"05/15/2015","170314201","1","19.1","ppb","18","24","100.0000","42602","Nitrogen dioxide (NO2)","16980","Chicago-Naperville-Elgin, IL-IN-WI","17","Illinois","031","Cook","42.139996190948","-87.7992269168431"
"05/16/2015","170314201","1","25.8","ppb","24","24","100.0000","42602","Nitrogen dioxide (NO2)","16980","Chicago-Naperville-Elgin, IL-IN-WI","17","Illinois","031","Cook","42.139996190948","-87.7992269168431"
"05/17/2015","170314201","1","7","ppb","7","24","100.0000","42602","Nitrogen dioxide (NO2)","16980","Chicago-Naperville-Elgin, IL-IN-WI","17","Illinois","031","Cook","42.139996190948","-87.7992269168431"
"05/18/2015","170314201","1","6.6","ppb","6","24","100.0000","42602","Nitrogen dioxide (NO2)","16980","Chicago-Naperville-Elgin, IL-IN-WI","17","Illinois","031","Cook","42.139996190948","-87.7992269168431"
"05/19/2015","170314201","1","6.6","ppb","6","24","100.0000","42602","Nitrogen dioxide (NO2)","16980","Chicago-Naperville-Elgin, IL-IN-WI","17","Illinois","031","Cook","42.139996190948","-87.7992269168431"
"05/20/2015","170314201","1","22.3","ppb","21","24","100.0000","42602","Nitrogen dioxide (NO2)","16980","Chicago-Naperville-Elgin, IL-IN-WI","17","Illinois","031","Cook","42.139996190948","-87.7992269168431"
"05/21/2015","170314201","1","17.7","ppb","16","20","83.0000","42602","Nitrogen dioxide (NO2)","16980","Chicago-Naperville-Elgin, IL-IN-WI","17","Illinois","031","Cook","42.139996190948","-87.7992269168431"
"05/22/2015","170314201","1","11.5","ppb","10","24","100.0000","42602","Nitrogen dioxide (NO2)","16980","Chicago-Naperville-Elgin, IL-IN-WI","17","Illinois","031","Cook","42.139996190948","-87.7992269168431"
"05/23/2015","170314201","1","24.3","ppb","23","24","100.0000","42602","Nitrogen dioxide (NO2)","16980","Chicago-Naperville-Elgin, IL-IN-WI","17","Illinois","031","Cook","42.139996190948","-87.7992269168431"
"05/24/2015","170314201","1","22.4","ppb","21","24","100.0000","42602","Nitrogen dioxide (NO2)","16980","Chicago-Naperville-Elgin, IL-IN-WI","17","Illinois","031","Cook","42.139996190948","-87.7992269168431"
"05/25/2015","170314201","1","15.1","ppb","14","24","100.0000","42602","Nitrogen dioxide (NO2)","16980","Chicago-Naperville-Elgin, IL-IN-WI","17","Illinois","031","Cook","42.139996190948","-87.7992269168431"
"05/26/2015","170314201","1","11.9","ppb","10","24","100.0000","42602","Nitrogen dioxide (NO2)","16980","Chicago-Naperville-Elgin, IL-IN-WI","17","Illinois","031","Cook","42.139996190948","-87.7992269168431"
"05/27/2015","170314201","1","21.7","ppb","20","24","100.0000","42602","Nitrogen dioxide (NO2)","16980","Chicago-Naperville-Elgin, IL-IN-WI","17","Illinois","031","Cook","42.139996190948","-87.7992269168431"
"05/28/2015","170314201","1","39.1","ppb","37","23","96.0000","42602","Nitrogen dioxide (NO2)","16980","Chicago-Naperville-Elgin, IL-IN-WI","17","Illinois","031","Cook","42.139996190948","-87.7992269168431"
"05/29/2015","170314201","1","19.1","ppb","18","22","92.0000","42602","Nitrogen dioxide (NO2)","16980","Chicago-Naperville-Elgin, IL-IN-WI","17","Illinois","031","Cook","42.139996190948","-87.7992269168431"
"05/30/2015","170314201","1","7.3","ppb","7","24","100.0000","42602","Nitrogen dioxide (NO2)","16980","Chicago-Naperville-Elgin, IL-IN-WI","17","Illinois","031","Cook","42.139996190948","-87.7992269168431"
"05/31/2015","170314201","1","3.4","ppb","3","24","100.0000","42602","Nitrogen dioxide (NO2)","16980","Chicago-Naperville-Elgin, IL-IN-WI","17","Illinois","031","Cook","42.139996190948","-87.7992269168431"
"06/01/2015","170314201","1","5.9","ppb","5","24","100.0000","42602","Nitrogen dioxide (NO2)","16980","Chicago-Naperville-Elgin, IL-IN-WI","17","Illinois","031","Cook","42.139996190948","-87.7992269168431"
"06/02/2015","170314201","1","15.4","ppb","14","22","92.0000","42602","Nitrogen dioxide (NO2)","16980","Chicago-Naperville-Elgin, IL-IN-WI","17","Illinois","031","Cook","42.139996190948","-87.7992269168431"
"06/03/2015","170314201","1","24.5","ppb","23","23","96.0000","42602","Nitrogen dioxide (NO2)","16980","Chicago-Naperville-Elgin, IL-IN-WI","17","Illinois","031","Cook","42.139996190948","-87.7992269168431"
"06/04/2015","170314201","1","33.6","ppb","31","24","100.0000","42602","Nitrogen dioxide (NO2)","16980","Chicago-Naperville-Elgin, IL-IN-WI","17","Illinois","031","Cook","42.139996190948","-87.7992269168431"
"06/05/2015","170314201","1","5.9","ppb","5","24","100.0000","42602","Nitrogen dioxide (NO2)","16980","Chicago-Naperville-Elgin, IL-IN-WI","17","Illinois","031","Cook","42.139996190948","-87.7992269168431"
"06/06/2015","170314201","1","7.3","ppb","7","24","100.0000","42602","Nitrogen dioxide (NO2)","16980","Chicago-Naperville-Elgin, IL-IN-WI","17","Illinois","031","Cook","42.139996190948","-87.7992269168431"
"06/07/2015","170314201","1","19.4","ppb","18","24","100.0000","42602","Nitrogen dioxide (NO2)","16980","Chicago-Naperville-Elgin, IL-IN-WI","17","Illinois","031","Cook","42.139996190948","-87.7992269168431"
"06/08/2015","170314201","1","13.2","ppb","12","24","100.0000","42602","Nitrogen dioxide (NO2)","16980","Chicago-Naperville-Elgin, IL-IN-WI","17","Illinois","031","Cook","42.139996190948","-87.7992269168431"
"06/09/2015","170314201","1","19.1","ppb","18","24","100.0000","42602","Nitrogen dioxide (NO2)","16980","Chicago-Naperville-Elgin, IL-IN-WI","17","Illinois","031","Cook","42.139996190948","-87.7992269168431"
"06/10/2015","170314201","1","10.5","ppb","9","22","92.0000","42602","Nitrogen dioxide (NO2)","16980","Chicago-Naperville-Elgin, IL-IN-WI","17","Illinois","031","Cook","42.139996190948","-87.7992269168431"
"06/11/2015","170314201","1","9.8","ppb","8","24","100.0000","42602","Nitrogen dioxide (NO2)","16980","Chicago-Naperville-Elgin, IL-IN-WI","17","Illinois","031","Cook","42.139996190948","-87.7992269168431"
"06/12/2015","170314201","1","9.5","ppb","8","22","92.0000","42602","Nitrogen dioxide (NO2)","16980","Chicago-Naperville-Elgin, IL-IN-WI","17","Illinois","031","Cook","42.139996190948","-87.7992269168431"
"06/13/2015","170314201","1","10.8","ppb","9","24","100.0000","42602","Nitrogen dioxide (NO2)","16980","Chicago-Naperville-Elgin, IL-IN-WI","17","Illinois","031","Cook","42.139996190948","-87.7992269168431"
"06/14/2015","170314201","1","11.9","ppb","10","24","100.0000","42602","Nitrogen dioxide (NO2)","16980","Chicago-Naperville-Elgin, IL-IN-WI","17","Illinois","031","Cook","42.139996190948","-87.7992269168431"
"06/15/2015","170314201","1","11.6","ppb","10","24","100.0000","42602","Nitrogen dioxide (NO2)","16980","Chicago-Naperville-Elgin, IL-IN-WI","17","Illinois","031","Cook","42.139996190948","-87.7992269168431"
"06/16/2015","170314201","1","7.5","ppb","7","22","92.0000","42602","Nitrogen dioxide (NO2)","16980","Chicago-Naperville-Elgin, IL-IN-WI","17","Illinois","031","Cook","42.139996190948","-87.7992269168431"
"06/17/2015","170314201","1","24.5","ppb","23","21","88.0000","42602","Nitrogen dioxide (NO2)","16980","Chicago-Naperville-Elgin, IL-IN-WI","17","Illinois","031","Cook","42.139996190948","-87.7992269168431"
"06/18/2015","170314201","1","21.4","ppb","20","24","100.0000","42602","Nitrogen dioxide (NO2)","16980","Chicago-Naperville-Elgin, IL-IN-WI","17","Illinois","031","Cook","42.139996190948","-87.7992269168431"
"06/19/2015","170314201","1","6.5","ppb","6","24","100.0000","42602","Nitrogen dioxide (NO2)","16980","Chicago-Naperville-Elgin, IL-IN-WI","17","Illinois","031","Cook","42.139996190948","-87.7992269168431"
"06/20/2015","170314201","1","13.7","ppb","12","24","100.0000","42602","Nitrogen dioxide (NO2)","16980","Chicago-Naperville-Elgin, IL-IN-WI","17","Illinois","031","Cook","42.139996190948","-87.7992269168431"
"06/21/2015","170314201","1","12","ppb","11","24","100.0000","42602","Nitrogen dioxide (NO2)","16980","Chicago-Naperville-Elgin, IL-IN-WI","17","Illinois","031","Cook","42.139996190948","-87.7992269168431"
"06/22/2015","170314201","1","18.1","ppb","17","24","100.0000","42602","Nitrogen dioxide (NO2)","16980","Chicago-Naperville-Elgin, IL-IN-WI","17","Illinois","031","Cook","42.139996190948","-87.7992269168431"
"06/23/2015","170314201","1","14.9","ppb","13","24","100.0000","42602","Nitrogen dioxide (NO2)","16980","Chicago-Naperville-Elgin, IL-IN-WI","17","Illinois","031","Cook","42.139996190948","-87.7992269168431"
"06/24/2015","170314201","1","34.7","ppb","32","24","100.0000","42602","Nitrogen dioxide (NO2)","16980","Chicago-Naperville-Elgin, IL-IN-WI","17","Illinois","031","Cook","42.139996190948","-87.7992269168431"
"06/25/2015","170314201","1","17.2","ppb","16","18","75.0000","42602","Nitrogen dioxide (NO2)","16980","Chicago-Naperville-Elgin, IL-IN-WI","17","Illinois","031","Cook","42.139996190948","-87.7992269168431"
"06/26/2015","170314201","1","7.6","ppb","7","24","100.0000","42602","Nitrogen dioxide (NO2)","16980","Chicago-Naperville-Elgin, IL-IN-WI","17","Illinois","031","Cook","42.139996190948","-87.7992269168431"
"06/27/2015","170314201","1","10.8","ppb","9","24","100.0000","42602","Nitrogen dioxide (NO2)","16980","Chicago-Naperville-Elgin, IL-IN-WI","17","Illinois","031","Cook","42.139996190948","-87.7992269168431"
"06/28/2015","170314201","1","14.6","ppb","13","24","100.0000","42602","Nitrogen dioxide (NO2)","16980","Chicago-Naperville-Elgin, IL-IN-WI","17","Illinois","031","Cook","42.139996190948","-87.7992269168431"
"06/29/2015","170314201","1","22.9","ppb","21","24","100.0000","42602","Nitrogen dioxide (NO2)","16980","Chicago-Naperville-Elgin, IL-IN-WI","17","Illinois","031","Cook","42.139996190948","-87.7992269168431"
"06/30/2015","170314201","1","24.7","ppb","23","24","100.0000","42602","Nitrogen dioxide (NO2)","16980","Chicago-Naperville-Elgin, IL-IN-WI","17","Illinois","031","Cook","42.139996190948","-87.7992269168431"
"07/01/2015","170314201","1","5.1","ppb","5","23","96.0000","42602","Nitrogen dioxide (NO2)","16980","Chicago-Naperville-Elgin, IL-IN-WI","17","Illinois","031","Cook","42.139996190948","-87.7992269168431"
"07/02/2015","170314201","1","4.8","ppb","4","24","100.0000","42602","Nitrogen dioxide (NO2)","16980","Chicago-Naperville-Elgin, IL-IN-WI","17","Illinois","031","Cook","42.139996190948","-87.7992269168431"
"07/03/2015","170314201","1","12.4","ppb","11","24","100.0000","42602","Nitrogen dioxide (NO2)","16980","Chicago-Naperville-Elgin, IL-IN-WI","17","Illinois","031","Cook","42.139996190948","-87.7992269168431"
"07/04/2015","170314201","1","20.7","ppb","19","24","100.0000","42602","Nitrogen dioxide (NO2)","16980","Chicago-Naperville-Elgin, IL-IN-WI","17","Illinois","031","Cook","42.139996190948","-87.7992269168431"
"07/05/2015","170314201","1","25.1","ppb","24","24","100.0000","42602","Nitrogen dioxide (NO2)","16980","Chicago-Naperville-Elgin, IL-IN-WI","17","Illinois","031","Cook","42.139996190948","-87.7992269168431"
"07/06/2015","170314201","1","22.3","ppb","21","24","100.0000","42602","Nitrogen dioxide (NO2)","16980","Chicago-Naperville-Elgin, IL-IN-WI","17","Illinois","031","Cook","42.139996190948","-87.7992269168431"
"07/07/2015","170314201","1","6.7","ppb","6","24","100.0000","42602","Nitrogen dioxide (NO2)","16980","Chicago-Naperville-Elgin, IL-IN-WI","17","Illinois","031","Cook","42.139996190948","-87.7992269168431"
"07/08/2015","170314201","1","5.5","ppb","5","24","100.0000","42602","Nitrogen dioxide (NO2)","16980","Chicago-Naperville-Elgin, IL-IN-WI","17","Illinois","031","Cook","42.139996190948","-87.7992269168431"
"07/09/2015","170314201","1","16.6","ppb","15","24","100.0000","42602","Nitrogen dioxide (NO2)","16980","Chicago-Naperville-Elgin, IL-IN-WI","17","Illinois","031","Cook","42.139996190948","-87.7992269168431"
"07/10/2015","170314201","1","20.6","ppb","19","22","92.0000","42602","Nitrogen dioxide (NO2)","16980","Chicago-Naperville-Elgin, IL-IN-WI","17","Illinois","031","Cook","42.139996190948","-87.7992269168431"
"07/11/2015","170314201","1","22.4","ppb","21","24","100.0000","42602","Nitrogen dioxide (NO2)","16980","Chicago-Naperville-Elgin, IL-IN-WI","17","Illinois","031","Cook","42.139996190948","-87.7992269168431"
"07/12/2015","170314201","1","14.2","ppb","13","24","100.0000","42602","Nitrogen dioxide (NO2)","16980","Chicago-Naperville-Elgin, IL-IN-WI","17","Illinois","031","Cook","42.139996190948","-87.7992269168431"
"07/13/2015","170314201","1","12.2","ppb","11","24","100.0000","42602","Nitrogen dioxide (NO2)","16980","Chicago-Naperville-Elgin, IL-IN-WI","17","Illinois","031","Cook","42.139996190948","-87.7992269168431"
"07/14/2015","170314201","1","5.6","ppb","5","23","96.0000","42602","Nitrogen dioxide (NO2)","16980","Chicago-Naperville-Elgin, IL-IN-WI","17","Illinois","031","Cook","42.139996190948","-87.7992269168431"
"07/15/2015","170314201","1","7.9","ppb","7","24","100.0000","42602","Nitrogen dioxide (NO2)","16980","Chicago-Naperville-Elgin, IL-IN-WI","17","Illinois","031","Cook","42.139996190948","-87.7992269168431"
"07/16/2015","170314201","1","22.9","ppb","21","24","100.0000","42602","Nitrogen dioxide (NO2)","16980","Chicago-Naperville-Elgin, IL-IN-WI","17","Illinois","031","Cook","42.139996190948","-87.7992269168431"
"07/17/2015","170314201","1","21.6","ppb","20","24","100.0000","42602","Nitrogen dioxide (NO2)","16980","Chicago-Naperville-Elgin, IL-IN-WI","17","Illinois","031","Cook","42.139996190948","-87.7992269168431"
"07/18/2015","170314201","1","17.8","ppb","16","24","100.0000","42602","Nitrogen dioxide (NO2)","16980","Chicago-Naperville-Elgin, IL-IN-WI","17","Illinois","031","Cook","42.139996190948","-87.7992269168431"
"07/19/2015","170314201","1","14.2","ppb","13","24","100.0000","42602","Nitrogen dioxide (NO2)","16980","Chicago-Naperville-Elgin, IL-IN-WI","17","Illinois","031","Cook","42.139996190948","-87.7992269168431"
"07/20/2015","170314201","1","12.1","ppb","11","24","100.0000","42602","Nitrogen dioxide (NO2)","16980","Chicago-Naperville-Elgin, IL-IN-WI","17","Illinois","031","Cook","42.139996190948","-87.7992269168431"
"07/21/2015","170314201","1","10.7","ppb","9","24","100.0000","42602","Nitrogen dioxide (NO2)","16980","Chicago-Naperville-Elgin, IL-IN-WI","17","Illinois","031","Cook","42.139996190948","-87.7992269168431"
"07/22/2015","170314201","1","18.4","ppb","17","24","100.0000","42602","Nitrogen dioxide (NO2)","16980","Chicago-Naperville-Elgin, IL-IN-WI","17","Illinois","031","Cook","42.139996190948","-87.7992269168431"
"07/23/2015","170314201","1","19.8","ppb","18","24","100.0000","42602","Nitrogen dioxide (NO2)","16980","Chicago-Naperville-Elgin, IL-IN-WI","17","Illinois","031","Cook","42.139996190948","-87.7992269168431"
"07/24/2015","170314201","1","34.1","ppb","32","24","100.0000","42602","Nitrogen dioxide (NO2)","16980","Chicago-Naperville-Elgin, IL-IN-WI","17","Illinois","031","Cook","42.139996190948","-87.7992269168431"
"07/25/2015","170314201","1","9.9","ppb","8","23","96.0000","42602","Nitrogen dioxide (NO2)","16980","Chicago-Naperville-Elgin, IL-IN-WI","17","Illinois","031","Cook","42.139996190948","-87.7992269168431"
"07/26/2015","170314201","1","10.2","ppb","9","24","100.0000","42602","Nitrogen dioxide (NO2)","16980","Chicago-Naperville-Elgin, IL-IN-WI","17","Illinois","031","Cook","42.139996190948","-87.7992269168431"
"07/27/2015","170314201","1","13.6","ppb","12","24","100.0000","42602","Nitrogen dioxide (NO2)","16980","Chicago-Naperville-Elgin, IL-IN-WI","17","Illinois","031","Cook","42.139996190948","-87.7992269168431"
"07/28/2015","170314201","1","19.7","ppb","18","24","100.0000","42602","Nitrogen dioxide (NO2)","16980","Chicago-Naperville-Elgin, IL-IN-WI","17","Illinois","031","Cook","42.139996190948","-87.7992269168431"
"07/29/2015","170314201","1","13.6","ppb","12","24","100.0000","42602","Nitrogen dioxide (NO2)","16980","Chicago-Naperville-Elgin, IL-IN-WI","17","Illinois","031","Cook","42.139996190948","-87.7992269168431"
"07/30/2015","170314201","1","8.7","ppb","8","24","100.0000","42602","Nitrogen dioxide (NO2)","16980","Chicago-Naperville-Elgin, IL-IN-WI","17","Illinois","031","Cook","42.139996190948","-87.7992269168431"
"07/31/2015","170314201","1","12.9","ppb","11","24","100.0000","42602","Nitrogen dioxide (NO2)","16980","Chicago-Naperville-Elgin, IL-IN-WI","17","Illinois","031","Cook","42.139996190948","-87.7992269168431"
"08/01/2015","170314201","1","6.9","ppb","6","24","100.0000","42602","Nitrogen dioxide (NO2)","16980","Chicago-Naperville-Elgin, IL-IN-WI","17","Illinois","031","Cook","42.139996190948","-87.7992269168431"
"08/02/2015","170314201","1","7.7","ppb","7","24","100.0000","42602","Nitrogen dioxide (NO2)","16980","Chicago-Naperville-Elgin, IL-IN-WI","17","Illinois","031","Cook","42.139996190948","-87.7992269168431"
"08/03/2015","170314201","1","11.8","ppb","10","24","100.0000","42602","Nitrogen dioxide (NO2)","16980","Chicago-Naperville-Elgin, IL-IN-WI","17","Illinois","031","Cook","42.139996190948","-87.7992269168431"
"08/04/2015","170314201","1","15.1","ppb","14","23","96.0000","42602","Nitrogen dioxide (NO2)","16980","Chicago-Naperville-Elgin, IL-IN-WI","17","Illinois","031","Cook","42.139996190948","-87.7992269168431"
"08/05/2015","170314201","1","18.7","ppb","17","24","100.0000","42602","Nitrogen dioxide (NO2)","16980","Chicago-Naperville-Elgin, IL-IN-WI","17","Illinois","031","Cook","42.139996190948","-87.7992269168431"
"08/06/2015","170314201","1","11.9","ppb","10","24","100.0000","42602","Nitrogen dioxide (NO2)","16980","Chicago-Naperville-Elgin, IL-IN-WI","17","Illinois","031","Cook","42.139996190948","-87.7992269168431"
"08/07/2015","170314201","1","17","ppb","16","24","100.0000","42602","Nitrogen dioxide (NO2)","16980","Chicago-Naperville-Elgin, IL-IN-WI","17","Illinois","031","Cook","42.139996190948","-87.7992269168431"
"08/08/2015","170314201","1","11.3","ppb","10","24","100.0000","42602","Nitrogen dioxide (NO2)","16980","Chicago-Naperville-Elgin, IL-IN-WI","17","Illinois","031","Cook","42.139996190948","-87.7992269168431"
"08/09/2015","170314201","1","18.5","ppb","17","24","100.0000","42602","Nitrogen dioxide (NO2)","16980","Chicago-Naperville-Elgin, IL-IN-WI","17","Illinois","031","Cook","42.139996190948","-87.7992269168431"
"08/10/2015","170314201","1","13.6","ppb","12","24","100.0000","42602","Nitrogen dioxide (NO2)","16980","Chicago-Naperville-Elgin, IL-IN-WI","17","Illinois","031","Cook","42.139996190948","-87.7992269168431"
"08/11/2015","170314201","1","10.5","ppb","9","24","100.0000","42602","Nitrogen dioxide (NO2)","16980","Chicago-Naperville-Elgin, IL-IN-WI","17","Illinois","031","Cook","42.139996190948","-87.7992269168431"
"08/12/2015","170314201","1","28.5","ppb","26","21","88.0000","42602","Nitrogen dioxide (NO2)","16980","Chicago-Naperville-Elgin, IL-IN-WI","17","Illinois","031","Cook","42.139996190948","-87.7992269168431"
"08/13/2015","170314201","1","29.5","ppb","27","24","100.0000","42602","Nitrogen dioxide (NO2)","16980","Chicago-Naperville-Elgin, IL-IN-WI","17","Illinois","031","Cook","42.139996190948","-87.7992269168431"
"08/14/2015","170314201","1","13.3","ppb","12","24","100.0000","42602","Nitrogen dioxide (NO2)","16980","Chicago-Naperville-Elgin, IL-IN-WI","17","Illinois","031","Cook","42.139996190948","-87.7992269168431"
"08/15/2015","170314201","1","21.4","ppb","20","24","100.0000","42602","Nitrogen dioxide (NO2)","16980","Chicago-Naperville-Elgin, IL-IN-WI","17","Illinois","031","Cook","42.139996190948","-87.7992269168431"
"08/16/2015","170314201","1","14","ppb","13","24","100.0000","42602","Nitrogen dioxide (NO2)","16980","Chicago-Naperville-Elgin, IL-IN-WI","17","Illinois","031","Cook","42.139996190948","-87.7992269168431"
"08/17/2015","170314201","1","15.9","ppb","14","24","100.0000","42602","Nitrogen dioxide (NO2)","16980","Chicago-Naperville-Elgin, IL-IN-WI","17","Illinois","031","Cook","42.139996190948","-87.7992269168431"
"08/18/2015","170314201","1","11.1","ppb","10","24","100.0000","42602","Nitrogen dioxide (NO2)","16980","Chicago-Naperville-Elgin, IL-IN-WI","17","Illinois","031","Cook","42.139996190948","-87.7992269168431"
"08/19/2015","170314201","1","10.8","ppb","9","24","100.0000","42602","Nitrogen dioxide (NO2)","16980","Chicago-Naperville-Elgin, IL-IN-WI","17","Illinois","031","Cook","42.139996190948","-87.7992269168431"
"08/20/2015","170314201","1","14.3","ppb","13","24","100.0000","42602","Nitrogen dioxide (NO2)","16980","Chicago-Naperville-Elgin, IL-IN-WI","17","Illinois","031","Cook","42.139996190948","-87.7992269168431"
"08/21/2015","170314201","1","18.1","ppb","17","24","100.0000","42602","Nitrogen dioxide (NO2)","16980","Chicago-Naperville-Elgin, IL-IN-WI","17","Illinois","031","Cook","42.139996190948","-87.7992269168431"
"08/22/2015","170314201","1","14.2","ppb","13","24","100.0000","42602","Nitrogen dioxide (NO2)","16980","Chicago-Naperville-Elgin, IL-IN-WI","17","Illinois","031","Cook","42.139996190948","-87.7992269168431"
"08/23/2015","170314201","1","11.8","ppb","10","24","100.0000","42602","Nitrogen dioxide (NO2)","16980","Chicago-Naperville-Elgin, IL-IN-WI","17","Illinois","031","Cook","42.139996190948","-87.7992269168431"
"08/24/2015","170314201","1","6.7","ppb","6","23","96.0000","42602","Nitrogen dioxide (NO2)","16980","Chicago-Naperville-Elgin, IL-IN-WI","17","Illinois","031","Cook","42.139996190948","-87.7992269168431"
"08/25/2015","170314201","1","7.6","ppb","7","24","100.0000","42602","Nitrogen dioxide (NO2)","16980","Chicago-Naperville-Elgin, IL-IN-WI","17","Illinois","031","Cook","42.139996190948","-87.7992269168431"
"08/26/2015","170314201","1","12.4","ppb","11","24","100.0000","42602","Nitrogen dioxide (NO2)","16980","Chicago-Naperville-Elgin, IL-IN-WI","17","Illinois","031","Cook","42.139996190948","-87.7992269168431"
"08/27/2015","170314201","1","16.2","ppb","15","23","96.0000","42602","Nitrogen dioxide (NO2)","16980","Chicago-Naperville-Elgin, IL-IN-WI","17","Illinois","031","Cook","42.139996190948","-87.7992269168431"
"08/28/2015","170314201","1","28.4","ppb","26","24","100.0000","42602","Nitrogen dioxide (NO2)","16980","Chicago-Naperville-Elgin, IL-IN-WI","17","Illinois","031","Cook","42.139996190948","-87.7992269168431"
"08/29/2015","170314201","1","15.6","ppb","14","24","100.0000","42602","Nitrogen dioxide (NO2)","16980","Chicago-Naperville-Elgin, IL-IN-WI","17","Illinois","031","Cook","42.139996190948","-87.7992269168431"
"08/30/2015","170314201","1","10.4","ppb","9","24","100.0000","42602","Nitrogen dioxide (NO2)","16980","Chicago-Naperville-Elgin, IL-IN-WI","17","Illinois","031","Cook","42.139996190948","-87.7992269168431"
"08/31/2015","170314201","1","19.4","ppb","18","24","100.0000","42602","Nitrogen dioxide (NO2)","16980","Chicago-Naperville-Elgin, IL-IN-WI","17","Illinois","031","Cook","42.139996190948","-87.7992269168431"
"09/01/2015","170314201","1","24.4","ppb","23","24","100.0000","42602","Nitrogen dioxide (NO2)","16980","Chicago-Naperville-Elgin, IL-IN-WI","17","Illinois","031","Cook","42.139996190948","-87.7992269168431"
"09/02/2015","170314201","1","18.4","ppb","17","24","100.0000","42602","Nitrogen dioxide (NO2)","16980","Chicago-Naperville-Elgin, IL-IN-WI","17","Illinois","031","Cook","42.139996190948","-87.7992269168431"
"09/03/2015","170314201","1","17.1","ppb","16","24","100.0000","42602","Nitrogen dioxide (NO2)","16980","Chicago-Naperville-Elgin, IL-IN-WI","17","Illinois","031","Cook","42.139996190948","-87.7992269168431"
"09/04/2015","170314201","1","16.9","ppb","15","24","100.0000","42602","Nitrogen dioxide (NO2)","16980","Chicago-Naperville-Elgin, IL-IN-WI","17","Illinois","031","Cook","42.139996190948","-87.7992269168431"
"09/05/2015","170314201","1","17.5","ppb","16","24","100.0000","42602","Nitrogen dioxide (NO2)","16980","Chicago-Naperville-Elgin, IL-IN-WI","17","Illinois","031","Cook","42.139996190948","-87.7992269168431"
"09/06/2015","170314201","1","11.3","ppb","10","24","100.0000","42602","Nitrogen dioxide (NO2)","16980","Chicago-Naperville-Elgin, IL-IN-WI","17","Illinois","031","Cook","42.139996190948","-87.7992269168431"
"09/07/2015","170314201","1","17.7","ppb","16","24","100.0000","42602","Nitrogen dioxide (NO2)","16980","Chicago-Naperville-Elgin, IL-IN-WI","17","Illinois","031","Cook","42.139996190948","-87.7992269168431"
"09/08/2015","170314201","1","16.4","ppb","15","24","100.0000","42602","Nitrogen dioxide (NO2)","16980","Chicago-Naperville-Elgin, IL-IN-WI","17","Illinois","031","Cook","42.139996190948","-87.7992269168431"
"09/09/2015","170314201","1","12.6","ppb","11","24","100.0000","42602","Nitrogen dioxide (NO2)","16980","Chicago-Naperville-Elgin, IL-IN-WI","17","Illinois","031","Cook","42.139996190948","-87.7992269168431"
"09/10/2015","170314201","1","27","ppb","25","24","100.0000","42602","Nitrogen dioxide (NO2)","16980","Chicago-Naperville-Elgin, IL-IN-WI","17","Illinois","031","Cook","42.139996190948","-87.7992269168431"
"09/11/2015","170314201","1","11.3","ppb","10","24","100.0000","42602","Nitrogen dioxide (NO2)","16980","Chicago-Naperville-Elgin, IL-IN-WI","17","Illinois","031","Cook","42.139996190948","-87.7992269168431"
"09/12/2015","170314201","1","10.1","ppb","9","24","100.0000","42602","Nitrogen dioxide (NO2)","16980","Chicago-Naperville-Elgin, IL-IN-WI","17","Illinois","031","Cook","42.139996190948","-87.7992269168431"
"09/13/2015","170314201","1","24.2","ppb","23","24","100.0000","42602","Nitrogen dioxide (NO2)","16980","Chicago-Naperville-Elgin, IL-IN-WI","17","Illinois","031","Cook","42.139996190948","-87.7992269168431"
"09/14/2015","170314201","1","23.4","ppb","22","24","100.0000","42602","Nitrogen dioxide (NO2)","16980","Chicago-Naperville-Elgin, IL-IN-WI","17","Illinois","031","Cook","42.139996190948","-87.7992269168431"
"09/15/2015","170314201","1","18.7","ppb","17","21","88.0000","42602","Nitrogen dioxide (NO2)","16980","Chicago-Naperville-Elgin, IL-IN-WI","17","Illinois","031","Cook","42.139996190948","-87.7992269168431"
"09/16/2015","170314201","1","19.6","ppb","18","24","100.0000","42602","Nitrogen dioxide (NO2)","16980","Chicago-Naperville-Elgin, IL-IN-WI","17","Illinois","031","Cook","42.139996190948","-87.7992269168431"
"09/17/2015","170314201","1","16","ppb","15","23","96.0000","42602","Nitrogen dioxide (NO2)","16980","Chicago-Naperville-Elgin, IL-IN-WI","17","Illinois","031","Cook","42.139996190948","-87.7992269168431"
"09/18/2015","170314201","1","20.4","ppb","19","24","100.0000","42602","Nitrogen dioxide (NO2)","16980","Chicago-Naperville-Elgin, IL-IN-WI","17","Illinois","031","Cook","42.139996190948","-87.7992269168431"
"09/19/2015","170314201","1","9.8","ppb","8","24","100.0000","42602","Nitrogen dioxide (NO2)","16980","Chicago-Naperville-Elgin, IL-IN-WI","17","Illinois","031","Cook","42.139996190948","-87.7992269168431"
"09/20/2015","170314201","1","10.3","ppb","9","24","100.0000","42602","Nitrogen dioxide (NO2)","16980","Chicago-Naperville-Elgin, IL-IN-WI","17","Illinois","031","Cook","42.139996190948","-87.7992269168431"
"09/21/2015","170314201","1","19.6","ppb","18","24","100.0000","42602","Nitrogen dioxide (NO2)","16980","Chicago-Naperville-Elgin, IL-IN-WI","17","Illinois","031","Cook","42.139996190948","-87.7992269168431"
"09/22/2015","170314201","1","26.7","ppb","25","24","100.0000","42602","Nitrogen dioxide (NO2)","16980","Chicago-Naperville-Elgin, IL-IN-WI","17","Illinois","031","Cook","42.139996190948","-87.7992269168431"
"09/23/2015","170314201","1","21.7","ppb","20","24","100.0000","42602","Nitrogen dioxide (NO2)","16980","Chicago-Naperville-Elgin, IL-IN-WI","17","Illinois","031","Cook","42.139996190948","-87.7992269168431"
"09/24/2015","170314201","1","22.6","ppb","21","24","100.0000","42602","Nitrogen dioxide (NO2)","16980","Chicago-Naperville-Elgin, IL-IN-WI","17","Illinois","031","Cook","42.139996190948","-87.7992269168431"
"09/25/2015","170314201","1","15","ppb","14","22","92.0000","42602","Nitrogen dioxide (NO2)","16980","Chicago-Naperville-Elgin, IL-IN-WI","17","Illinois","031","Cook","42.139996190948","-87.7992269168431"
"09/26/2015","170314201","1","13.2","ppb","12","24","100.0000","42602","Nitrogen dioxide (NO2)","16980","Chicago-Naperville-Elgin, IL-IN-WI","17","Illinois","031","Cook","42.139996190948","-87.7992269168431"
"09/27/2015","170314201","1","13.8","ppb","12","24","100.0000","42602","Nitrogen dioxide (NO2)","16980","Chicago-Naperville-Elgin, IL-IN-WI","17","Illinois","031","Cook","42.139996190948","-87.7992269168431"
"09/28/2015","170314201","1","22","ppb","21","24","100.0000","42602","Nitrogen dioxide (NO2)","16980","Chicago-Naperville-Elgin, IL-IN-WI","17","Illinois","031","Cook","42.139996190948","-87.7992269168431"
"09/29/2015","170314201","1","19.6","ppb","18","22","92.0000","42602","Nitrogen dioxide (NO2)","16980","Chicago-Naperville-Elgin, IL-IN-WI","17","Illinois","031","Cook","42.139996190948","-87.7992269168431"
"09/30/2015","170314201","1","5.9","ppb","5","20","83.0000","42602","Nitrogen dioxide (NO2)","16980","Chicago-Naperville-Elgin, IL-IN-WI","17","Illinois","031","Cook","42.139996190948","-87.7992269168431"
"10/01/2015","170314201","1","3.5","ppb","3","24","100.0000","42602","Nitrogen dioxide (NO2)","16980","Chicago-Naperville-Elgin, IL-IN-WI","17","Illinois","031","Cook","42.139996190948","-87.7992269168431"
"10/02/2015","170314201","1","3.3","ppb","3","24","100.0000","42602","Nitrogen dioxide (NO2)","16980","Chicago-Naperville-Elgin, IL-IN-WI","17","Illinois","031","Cook","42.139996190948","-87.7992269168431"
"10/03/2015","170314201","1","3","ppb","3","24","100.0000","42602","Nitrogen dioxide (NO2)","16980","Chicago-Naperville-Elgin, IL-IN-WI","17","Illinois","031","Cook","42.139996190948","-87.7992269168431"
"10/04/2015","170314201","1","2.9","ppb","2","24","100.0000","42602","Nitrogen dioxide (NO2)","16980","Chicago-Naperville-Elgin, IL-IN-WI","17","Illinois","031","Cook","42.139996190948","-87.7992269168431"
"10/05/2015","170314201","1","5.5","ppb","5","24","100.0000","42602","Nitrogen dioxide (NO2)","16980","Chicago-Naperville-Elgin, IL-IN-WI","17","Illinois","031","Cook","42.139996190948","-87.7992269168431"
"10/06/2015","170314201","1","25.7","ppb","24","24","100.0000","42602","Nitrogen dioxide (NO2)","16980","Chicago-Naperville-Elgin, IL-IN-WI","17","Illinois","031","Cook","42.139996190948","-87.7992269168431"
"10/07/2015","170314201","1","21.6","ppb","20","23","96.0000","42602","Nitrogen dioxide (NO2)","16980","Chicago-Naperville-Elgin, IL-IN-WI","17","Illinois","031","Cook","42.139996190948","-87.7992269168431"
"10/08/2015","170314201","1","23.1","ppb","22","24","100.0000","42602","Nitrogen dioxide (NO2)","16980","Chicago-Naperville-Elgin, IL-IN-WI","17","Illinois","031","Cook","42.139996190948","-87.7992269168431"
"10/09/2015","170314201","1","12.6","ppb","11","24","100.0000","42602","Nitrogen dioxide (NO2)","16980","Chicago-Naperville-Elgin, IL-IN-WI","17","Illinois","031","Cook","42.139996190948","-87.7992269168431"
"10/10/2015","170314201","1","14.5","ppb","13","24","100.0000","42602","Nitrogen dioxide (NO2)","16980","Chicago-Naperville-Elgin, IL-IN-WI","17","Illinois","031","Cook","42.139996190948","-87.7992269168431"
"10/11/2015","170314201","1","11.8","ppb","10","24","100.0000","42602","Nitrogen dioxide (NO2)","16980","Chicago-Naperville-Elgin, IL-IN-WI","17","Illinois","031","Cook","42.139996190948","-87.7992269168431"
"10/12/2015","170314201","1","11.5","ppb","10","24","100.0000","42602","Nitrogen dioxide (NO2)","16980","Chicago-Naperville-Elgin, IL-IN-WI","17","Illinois","031","Cook","42.139996190948","-87.7992269168431"
"10/13/2015","170314201","1","17.2","ppb","16","24","100.0000","42602","Nitrogen dioxide (NO2)","16980","Chicago-Naperville-Elgin, IL-IN-WI","17","Illinois","031","Cook","42.139996190948","-87.7992269168431"
"10/14/2015","170314201","1","23.4","ppb","22","24","100.0000","42602","Nitrogen dioxide (NO2)","16980","Chicago-Naperville-Elgin, IL-IN-WI","17","Illinois","031","Cook","42.139996190948","-87.7992269168431"
"10/15/2015","170314201","1","17.2","ppb","16","24","100.0000","42602","Nitrogen dioxide (NO2)","16980","Chicago-Naperville-Elgin, IL-IN-WI","17","Illinois","031","Cook","42.139996190948","-87.7992269168431"
"10/16/2015","170314201","1","21.4","ppb","20","24","100.0000","42602","Nitrogen dioxide (NO2)","16980","Chicago-Naperville-Elgin, IL-IN-WI","17","Illinois","031","Cook","42.139996190948","-87.7992269168431"
"10/17/2015","170314201","1","22.9","ppb","21","24","100.0000","42602","Nitrogen dioxide (NO2)","16980","Chicago-Naperville-Elgin, IL-IN-WI","17","Illinois","031","Cook","42.139996190948","-87.7992269168431"
"10/18/2015","170314201","1","34.9","ppb","32","24","100.0000","42602","Nitrogen dioxide (NO2)","16980","Chicago-Naperville-Elgin, IL-IN-WI","17","Illinois","031","Cook","42.139996190948","-87.7992269168431"
"10/19/2015","170314201","1","11.9","ppb","10","24","100.0000","42602","Nitrogen dioxide (NO2)","16980","Chicago-Naperville-Elgin, IL-IN-WI","17","Illinois","031","Cook","42.139996190948","-87.7992269168431"
"10/20/2015","170314201","1","30.4","ppb","28","24","100.0000","42602","Nitrogen dioxide (NO2)","16980","Chicago-Naperville-Elgin, IL-IN-WI","17","Illinois","031","Cook","42.139996190948","-87.7992269168431"
"10/21/2015","170314201","1","24.3","ppb","23","24","100.0000","42602","Nitrogen dioxide (NO2)","16980","Chicago-Naperville-Elgin, IL-IN-WI","17","Illinois","031","Cook","42.139996190948","-87.7992269168431"
"10/22/2015","170314201","1","13.1","ppb","12","24","100.0000","42602","Nitrogen dioxide (NO2)","16980","Chicago-Naperville-Elgin, IL-IN-WI","17","Illinois","031","Cook","42.139996190948","-87.7992269168431"
"10/23/2015","170314201","1","13.9","ppb","12","24","100.0000","42602","Nitrogen dioxide (NO2)","16980","Chicago-Naperville-Elgin, IL-IN-WI","17","Illinois","031","Cook","42.139996190948","-87.7992269168431"
"10/24/2015","170314201","1","7.8","ppb","7","24","100.0000","42602","Nitrogen dioxide (NO2)","16980","Chicago-Naperville-Elgin, IL-IN-WI","17","Illinois","031","Cook","42.139996190948","-87.7992269168431"
"10/25/2015","170314201","1","17.9","ppb","16","24","100.0000","42602","Nitrogen dioxide (NO2)","16980","Chicago-Naperville-Elgin, IL-IN-WI","17","Illinois","031","Cook","42.139996190948","-87.7992269168431"
"10/26/2015","170314201","1","23.2","ppb","22","24","100.0000","42602","Nitrogen dioxide (NO2)","16980","Chicago-Naperville-Elgin, IL-IN-WI","17","Illinois","031","Cook","42.139996190948","-87.7992269168431"
"10/27/2015","170314201","1","9","ppb","8","24","100.0000","42602","Nitrogen dioxide (NO2)","16980","Chicago-Naperville-Elgin, IL-IN-WI","17","Illinois","031","Cook","42.139996190948","-87.7992269168431"
"10/28/2015","170314201","1","12","ppb","11","24","100.0000","42602","Nitrogen dioxide (NO2)","16980","Chicago-Naperville-Elgin, IL-IN-WI","17","Illinois","031","Cook","42.139996190948","-87.7992269168431"
"10/29/2015","170314201","1","13.8","ppb","12","24","100.0000","42602","Nitrogen dioxide (NO2)","16980","Chicago-Naperville-Elgin, IL-IN-WI","17","Illinois","031","Cook","42.139996190948","-87.7992269168431"
"10/30/2015","170314201","1","21.9","ppb","20","23","96.0000","42602","Nitrogen dioxide (NO2)","16980","Chicago-Naperville-Elgin, IL-IN-WI","17","Illinois","031","Cook","42.139996190948","-87.7992269168431"
"10/31/2015","170314201","1","13.1","ppb","12","24","100.0000","42602","Nitrogen dioxide (NO2)","16980","Chicago-Naperville-Elgin, IL-IN-WI","17","Illinois","031","Cook","42.139996190948","-87.7992269168431"
"11/01/2015","170314201","1","30.4","ppb","28","24","100.0000","42602","Nitrogen dioxide (NO2)","16980","Chicago-Naperville-Elgin, IL-IN-WI","17","Illinois","031","Cook","42.139996190948","-87.7992269168431"
"11/02/2015","170314201","1","25.8","ppb","24","24","100.0000","42602","Nitrogen dioxide (NO2)","16980","Chicago-Naperville-Elgin, IL-IN-WI","17","Illinois","031","Cook","42.139996190948","-87.7992269168431"
"11/03/2015","170314201","1","28.4","ppb","26","24","100.0000","42602","Nitrogen dioxide (NO2)","16980","Chicago-Naperville-Elgin, IL-IN-WI","17","Illinois","031","Cook","42.139996190948","-87.7992269168431"
"11/04/2015","170314201","1","21.7","ppb","20","24","100.0000","42602","Nitrogen dioxide (NO2)","16980","Chicago-Naperville-Elgin, IL-IN-WI","17","Illinois","031","Cook","42.139996190948","-87.7992269168431"
"11/05/2015","170314201","1","16.6","ppb","15","24","100.0000","42602","Nitrogen dioxide (NO2)","16980","Chicago-Naperville-Elgin, IL-IN-WI","17","Illinois","031","Cook","42.139996190948","-87.7992269168431"
"11/06/2015","170314201","1","10.9","ppb","9","24","100.0000","42602","Nitrogen dioxide (NO2)","16980","Chicago-Naperville-Elgin, IL-IN-WI","17","Illinois","031","Cook","42.139996190948","-87.7992269168431"
"11/07/2015","170314201","1","19.1","ppb","18","24","100.0000","42602","Nitrogen dioxide (NO2)","16980","Chicago-Naperville-Elgin, IL-IN-WI","17","Illinois","031","Cook","42.139996190948","-87.7992269168431"
"11/08/2015","170314201","1","28.6","ppb","26","24","100.0000","42602","Nitrogen dioxide (NO2)","16980","Chicago-Naperville-Elgin, IL-IN-WI","17","Illinois","031","Cook","42.139996190948","-87.7992269168431"
"11/09/2015","170314201","1","34.6","ppb","32","24","100.0000","42602","Nitrogen dioxide (NO2)","16980","Chicago-Naperville-Elgin, IL-IN-WI","17","Illinois","031","Cook","42.139996190948","-87.7992269168431"
"11/10/2015","170314201","1","38.4","ppb","36","24","100.0000","42602","Nitrogen dioxide (NO2)","16980","Chicago-Naperville-Elgin, IL-IN-WI","17","Illinois","031","Cook","42.139996190948","-87.7992269168431"
"11/11/2015","170314201","1","42.8","ppb","40","24","100.0000","42602","Nitrogen dioxide (NO2)","16980","Chicago-Naperville-Elgin, IL-IN-WI","17","Illinois","031","Cook","42.139996190948","-87.7992269168431"
"11/12/2015","170314201","1","8.3","ppb","8","24","100.0000","42602","Nitrogen dioxide (NO2)","16980","Chicago-Naperville-Elgin, IL-IN-WI","17","Illinois","031","Cook","42.139996190948","-87.7992269168431"
"11/13/2015","170314201","1","24.8","ppb","23","24","100.0000","42602","Nitrogen dioxide (NO2)","16980","Chicago-Naperville-Elgin, IL-IN-WI","17","Illinois","031","Cook","42.139996190948","-87.7992269168431"
"11/14/2015","170314201","1","25.8","ppb","24","24","100.0000","42602","Nitrogen dioxide (NO2)","16980","Chicago-Naperville-Elgin, IL-IN-WI","17","Illinois","031","Cook","42.139996190948","-87.7992269168431"
"11/15/2015","170314201","1","22.6","ppb","21","24","100.0000","42602","Nitrogen dioxide (NO2)","16980","Chicago-Naperville-Elgin, IL-IN-WI","17","Illinois","031","Cook","42.139996190948","-87.7992269168431"
"11/16/2015","170314201","1","23.7","ppb","22","24","100.0000","42602","Nitrogen dioxide (NO2)","16980","Chicago-Naperville-Elgin, IL-IN-WI","17","Illinois","031","Cook","42.139996190948","-87.7992269168431"
"11/17/2015","170314201","1","12.6","ppb","11","24","100.0000","42602","Nitrogen dioxide (NO2)","16980","Chicago-Naperville-Elgin, IL-IN-WI","17","Illinois","031","Cook","42.139996190948","-87.7992269168431"
"11/18/2015","170314201","1","6.8","ppb","6","24","100.0000","42602","Nitrogen dioxide (NO2)","16980","Chicago-Naperville-Elgin, IL-IN-WI","17","Illinois","031","Cook","42.139996190948","-87.7992269168431"
"11/19/2015","170314201","1","6.6","ppb","6","24","100.0000","42602","Nitrogen dioxide (NO2)","16980","Chicago-Naperville-Elgin, IL-IN-WI","17","Illinois","031","Cook","42.139996190948","-87.7992269168431"
"11/20/2015","170314201","1","19.5","ppb","18","24","100.0000","42602","Nitrogen dioxide (NO2)","16980","Chicago-Naperville-Elgin, IL-IN-WI","17","Illinois","031","Cook","42.139996190948","-87.7992269168431"
"11/21/2015","170314201","1","17","ppb","16","24","100.0000","42602","Nitrogen dioxide (NO2)","16980","Chicago-Naperville-Elgin, IL-IN-WI","17","Illinois","031","Cook","42.139996190948","-87.7992269168431"
"11/22/2015","170314201","1","16.5","ppb","15","24","100.0000","42602","Nitrogen dioxide (NO2)","16980","Chicago-Naperville-Elgin, IL-IN-WI","17","Illinois","031","Cook","42.139996190948","-87.7992269168431"
"11/23/2015","170314201","1","32.2","ppb","30","24","100.0000","42602","Nitrogen dioxide (NO2)","16980","Chicago-Naperville-Elgin, IL-IN-WI","17","Illinois","031","Cook","42.139996190948","-87.7992269168431"
"11/24/2015","170314201","1","32.8","ppb","30","24","100.0000","42602","Nitrogen dioxide (NO2)","16980","Chicago-Naperville-Elgin, IL-IN-WI","17","Illinois","031","Cook","42.139996190948","-87.7992269168431"
"11/25/2015","170314201","1","28.4","ppb","26","24","100.0000","42602","Nitrogen dioxide (NO2)","16980","Chicago-Naperville-Elgin, IL-IN-WI","17","Illinois","031","Cook","42.139996190948","-87.7992269168431"
"11/26/2015","170314201","1","10.8","ppb","9","24","100.0000","42602","Nitrogen dioxide (NO2)","16980","Chicago-Naperville-Elgin, IL-IN-WI","17","Illinois","031","Cook","42.139996190948","-87.7992269168431"
"11/27/2015","170314201","1","5.5","ppb","5","24","100.0000","42602","Nitrogen dioxide (NO2)","16980","Chicago-Naperville-Elgin, IL-IN-WI","17","Illinois","031","Cook","42.139996190948","-87.7992269168431"
"11/28/2015","170314201","1","25.1","ppb","24","24","100.0000","42602","Nitrogen dioxide (NO2)","16980","Chicago-Naperville-Elgin, IL-IN-WI","17","Illinois","031","Cook","42.139996190948","-87.7992269168431"
"11/29/2015","170314201","1","25.3","ppb","24","24","100.0000","42602","Nitrogen dioxide (NO2)","16980","Chicago-Naperville-Elgin, IL-IN-WI","17","Illinois","031","Cook","42.139996190948","-87.7992269168431"
"11/30/2015","170314201","1","11.5","ppb","10","24","100.0000","42602","Nitrogen dioxide (NO2)","16980","Chicago-Naperville-Elgin, IL-IN-WI","17","Illinois","031","Cook","42.139996190948","-87.7992269168431"
"12/01/2015","170314201","1","17.6","ppb","16","24","100.0000","42602","Nitrogen dioxide (NO2)","16980","Chicago-Naperville-Elgin, IL-IN-WI","17","Illinois","031","Cook","42.139996190948","-87.7992269168431"
"12/02/2015","170314201","1","21","ppb","20","24","100.0000","42602","Nitrogen dioxide (NO2)","16980","Chicago-Naperville-Elgin, IL-IN-WI","17","Illinois","031","Cook","42.139996190948","-87.7992269168431"
"12/03/2015","170314201","1","24.4","ppb","23","24","100.0000","42602","Nitrogen dioxide (NO2)","16980","Chicago-Naperville-Elgin, IL-IN-WI","17","Illinois","031","Cook","42.139996190948","-87.7992269168431"
"12/04/2015","170314201","1","30.2","ppb","28","24","100.0000","42602","Nitrogen dioxide (NO2)","16980","Chicago-Naperville-Elgin, IL-IN-WI","17","Illinois","031","Cook","42.139996190948","-87.7992269168431"
"12/05/2015","170314201","1","25.8","ppb","24","24","100.0000","42602","Nitrogen dioxide (NO2)","16980","Chicago-Naperville-Elgin, IL-IN-WI","17","Illinois","031","Cook","42.139996190948","-87.7992269168431"
"12/06/2015","170314201","1","26.5","ppb","25","24","100.0000","42602","Nitrogen dioxide (NO2)","16980","Chicago-Naperville-Elgin, IL-IN-WI","17","Illinois","031","Cook","42.139996190948","-87.7992269168431"
"12/07/2015","170314201","1","28.8","ppb","26","24","100.0000","42602","Nitrogen dioxide (NO2)","16980","Chicago-Naperville-Elgin, IL-IN-WI","17","Illinois","031","Cook","42.139996190948","-87.7992269168431"
"12/08/2015","170314201","1","23.1","ppb","22","24","100.0000","42602","Nitrogen dioxide (NO2)","16980","Chicago-Naperville-Elgin, IL-IN-WI","17","Illinois","031","Cook","42.139996190948","-87.7992269168431"
"12/09/2015","170314201","1","18.7","ppb","17","24","100.0000","42602","Nitrogen dioxide (NO2)","16980","Chicago-Naperville-Elgin, IL-IN-WI","17","Illinois","031","Cook","42.139996190948","-87.7992269168431"
"12/10/2015","170314201","1","21.3","ppb","20","24","100.0000","42602","Nitrogen dioxide (NO2)","16980","Chicago-Naperville-Elgin, IL-IN-WI","17","Illinois","031","Cook","42.139996190948","-87.7992269168431"
"12/11/2015","170314201","1","29.5","ppb","27","24","100.0000","42602","Nitrogen dioxide (NO2)","16980","Chicago-Naperville-Elgin, IL-IN-WI","17","Illinois","031","Cook","42.139996190948","-87.7992269168431"
"12/12/2015","170314201","1","15.6","ppb","14","24","100.0000","42602","Nitrogen dioxide (NO2)","16980","Chicago-Naperville-Elgin, IL-IN-WI","17","Illinois","031","Cook","42.139996190948","-87.7992269168431"
"12/13/2015","170314201","1","14.7","ppb","13","24","100.0000","42602","Nitrogen dioxide (NO2)","16980","Chicago-Naperville-Elgin, IL-IN-WI","17","Illinois","031","Cook","42.139996190948","-87.7992269168431"
"12/14/2015","170314201","1","7","ppb","7","24","100.0000","42602","Nitrogen dioxide (NO2)","16980","Chicago-Naperville-Elgin, IL-IN-WI","17","Illinois","031","Cook","42.139996190948","-87.7992269168431"
"12/15/2015","170314201","1","8.5","ppb","8","24","100.0000","42602","Nitrogen dioxide (NO2)","16980","Chicago-Naperville-Elgin, IL-IN-WI","17","Illinois","031","Cook","42.139996190948","-87.7992269168431"
"12/16/2015","170314201","1","15","ppb","14","24","100.0000","42602","Nitrogen dioxide (NO2)","16980","Chicago-Naperville-Elgin, IL-IN-WI","17","Illinois","031","Cook","42.139996190948","-87.7992269168431"
"12/17/2015","170314201","1","17.8","ppb","16","24","100.0000","42602","Nitrogen dioxide (NO2)","16980","Chicago-Naperville-Elgin, IL-IN-WI","17","Illinois","031","Cook","42.139996190948","-87.7992269168431"
"12/18/2015","170314201","1","20.3","ppb","19","24","100.0000","42602","Nitrogen dioxide (NO2)","16980","Chicago-Naperville-Elgin, IL-IN-WI","17","Illinois","031","Cook","42.139996190948","-87.7992269168431"
"12/19/2015","170314201","1","26.5","ppb","25","24","100.0000","42602","Nitrogen dioxide (NO2)","16980","Chicago-Naperville-Elgin, IL-IN-WI","17","Illinois","031","Cook","42.139996190948","-87.7992269168431"
"12/20/2015","170314201","1","20.7","ppb","19","24","100.0000","42602","Nitrogen dioxide (NO2)","16980","Chicago-Naperville-Elgin, IL-IN-WI","17","Illinois","031","Cook","42.139996190948","-87.7992269168431"
"12/21/2015","170314201","1","17.1","ppb","16","24","100.0000","42602","Nitrogen dioxide (NO2)","16980","Chicago-Naperville-Elgin, IL-IN-WI","17","Illinois","031","Cook","42.139996190948","-87.7992269168431"
"12/22/2015","170314201","1","22.4","ppb","21","24","100.0000","42602","Nitrogen dioxide (NO2)","16980","Chicago-Naperville-Elgin, IL-IN-WI","17","Illinois","031","Cook","42.139996190948","-87.7992269168431"
"12/23/2015","170314201","1","18.3","ppb","17","24","100.0000","42602","Nitrogen dioxide (NO2)","16980","Chicago-Naperville-Elgin, IL-IN-WI","17","Illinois","031","Cook","42.139996190948","-87.7992269168431"
"12/24/2015","170314201","1","23.4","ppb","22","23","96.0000","42602","Nitrogen dioxide (NO2)","16980","Chicago-Naperville-Elgin, IL-IN-WI","17","Illinois","031","Cook","42.139996190948","-87.7992269168431"
"12/25/2015","170314201","1","25.9","ppb","24","24","100.0000","42602","Nitrogen dioxide (NO2)","16980","Chicago-Naperville-Elgin, IL-IN-WI","17","Illinois","031","Cook","42.139996190948","-87.7992269168431"
"12/26/2015","170314201","1","7.7","ppb","7","24","100.0000","42602","Nitrogen dioxide (NO2)","16980","Chicago-Naperville-Elgin, IL-IN-WI","17","Illinois","031","Cook","42.139996190948","-87.7992269168431"
"12/27/2015","170314201","1","4.3","ppb","4","24","100.0000","42602","Nitrogen dioxide (NO2)","16980","Chicago-Naperville-Elgin, IL-IN-WI","17","Illinois","031","Cook","42.139996190948","-87.7992269168431"
"12/28/2015","170314201","1","17.1","ppb","16","24","100.0000","42602","Nitrogen dioxide (NO2)","16980","Chicago-Naperville-Elgin, IL-IN-WI","17","Illinois","031","Cook","42.139996190948","-87.7992269168431"
"12/29/2015","170314201","1","23.5","ppb","22","24","100.0000","42602","Nitrogen dioxide (NO2)","16980","Chicago-Naperville-Elgin, IL-IN-WI","17","Illinois","031","Cook","42.139996190948","-87.7992269168431"
"12/30/2015","170314201","1","16.5","ppb","15","24","100.0000","42602","Nitrogen dioxide (NO2)","16980","Chicago-Naperville-Elgin, IL-IN-WI","17","Illinois","031","Cook","42.139996190948","-87.7992269168431"
"12/31/2015","170314201","1","11.7","ppb","10","24","100.0000","42602","Nitrogen dioxide (NO2)","16980","Chicago-Naperville-Elgin, IL-IN-WI","17","Illinois","031","Cook","42.139996190948","-87.7992269168431"
