"Date","AQS_SITE_ID","POC","Daily Max 8-hour Ozone Concentration","UNITS","DAILY_AQI_VALUE","DAILY_OBS_COUNT","PERCENT_COMPLETE","AQS_PARAMETER_CODE","AQS_PARAMETER_DESC","CBSA_CODE","CBSA_NAME","STATE_CODE","STATE","COUNTY_CODE","COUNTY","SITE_LATITUDE","SITE_LONGITUDE"
"01/01/2018","170314201","1","0.029","ppm","27","17","100.0000","44201","Ozone","16980","Chicago-Naperville-Elgin, IL-IN-WI","17","Illinois","031","Cook","42.139996190948","-87.7992269168431"
"01/02/2018","170314201","1","0.03","ppm","28","17","100.0000","44201","Ozone","16980","Chicago-Naperville-Elgin, IL-IN-WI","17","Illinois","031","Cook","42.139996190948","-87.7992269168431"
"01/03/2018","170314201","1","0.029","ppm","27","17","100.0000","44201","Ozone","16980","Chicago-Naperville-Elgin, IL-IN-WI","17","Illinois","031","Cook","42.139996190948","-87.7992269168431"
"01/04/2018","170314201","1","0.033","ppm","31","17","100.0000","44201","Ozone","16980","Chicago-Naperville-Elgin, IL-IN-WI","17","Illinois","031","Cook","42.139996190948","-87.7992269168431"
"01/05/2018","170314201","1","0.033","ppm","31","17","100.0000","44201","Ozone","16980","Chicago-Naperville-Elgin, IL-IN-WI","17","Illinois","031","Cook","42.139996190948","-87.7992269168431"
"01/06/2018","170314201","1","0.034","ppm","31","17","100.0000","44201","Ozone","16980","Chicago-Naperville-Elgin, IL-IN-WI","17","Illinois","031","Cook","42.139996190948","-87.7992269168431"
"01/07/2018","170314201","1","0.024","ppm","22","17","100.0000","44201","Ozone","16980","Chicago-Naperville-Elgin, IL-IN-WI","17","Illinois","031","Cook","42.139996190948","-87.7992269168431"
"01/08/2018","170314201","1","0.028","ppm","26","17","100.0000","44201","Ozone","16980","Chicago-Naperville-Elgin, IL-IN-WI","17","Illinois","031","Cook","42.139996190948","-87.7992269168431"
"01/09/2018","170314201","1","0.007","ppm","6","17","100.0000","44201","Ozone","16980","Chicago-Naperville-Elgin, IL-IN-WI","17","Illinois","031","Cook","42.139996190948","-87.7992269168431"
"01/10/2018","170314201","1","0.026","ppm","24","17","100.0000","44201","Ozone","16980","Chicago-Naperville-Elgin, IL-IN-WI","17","Illinois","031","Cook","42.139996190948","-87.7992269168431"
"01/11/2018","170314201","1","0.023","ppm","21","17","100.0000","44201","Ozone","16980","Chicago-Naperville-Elgin, IL-IN-WI","17","Illinois","031","Cook","42.139996190948","-87.7992269168431"
"01/12/2018","170314201","1","0.036","ppm","33","17","100.0000","44201","Ozone","16980","Chicago-Naperville-Elgin, IL-IN-WI","17","Illinois","031","Cook","42.139996190948","-87.7992269168431"
"01/13/2018","170314201","1","0.031","ppm","29","17","100.0000","44201","Ozone","16980","Chicago-Naperville-Elgin, IL-IN-WI","17","Illinois","031","Cook","42.139996190948","-87.7992269168431"
"01/14/2018","170314201","1","0.027","ppm","25","17","100.0000","44201","Ozone","16980","Chicago-Naperville-Elgin, IL-IN-WI","17","Illinois","031","Cook","42.139996190948","-87.7992269168431"
"01/15/2018","170314201","1","0.019","ppm","18","17","100.0000","44201","Ozone","16980","Chicago-Naperville-Elgin, IL-IN-WI","17","Illinois","031","Cook","42.139996190948","-87.7992269168431"
"01/16/2018","170314201","1","0.032","ppm","30","17","100.0000","44201","Ozone","16980","Chicago-Naperville-Elgin, IL-IN-WI","17","Illinois","031","Cook","42.139996190948","-87.7992269168431"
"01/17/2018","170314201","1","0.029","ppm","27","17","100.0000","44201","Ozone","16980","Chicago-Naperville-Elgin, IL-IN-WI","17","Illinois","031","Cook","42.139996190948","-87.7992269168431"
"01/18/2018","170314201","1","0.025","ppm","23","17","100.0000","44201","Ozone","16980","Chicago-Naperville-Elgin, IL-IN-WI","17","Illinois","031","Cook","42.139996190948","-87.7992269168431"
"01/19/2018","170314201","1","0.02","ppm","19","17","100.0000","44201","Ozone","16980","Chicago-Naperville-Elgin, IL-IN-WI","17","Illinois","031","Cook","42.139996190948","-87.7992269168431"
"01/20/2018","170314201","1","0.018","ppm","17","17","100.0000","44201","Ozone","16980","Chicago-Naperville-Elgin, IL-IN-WI","17","Illinois","031","Cook","42.139996190948","-87.7992269168431"
"01/21/2018","170314201","1","0.005","ppm","5","17","100.0000","44201","Ozone","16980","Chicago-Naperville-Elgin, IL-IN-WI","17","Illinois","031","Cook","42.139996190948","-87.7992269168431"
"01/22/2018","170314201","1","0.024","ppm","22","17","100.0000","44201","Ozone","16980","Chicago-Naperville-Elgin, IL-IN-WI","17","Illinois","031","Cook","42.139996190948","-87.7992269168431"
"01/23/2018","170314201","1","0.026","ppm","24","17","100.0000","44201","Ozone","16980","Chicago-Naperville-Elgin, IL-IN-WI","17","Illinois","031","Cook","42.139996190948","-87.7992269168431"
"01/24/2018","170314201","1","0.025","ppm","23","17","100.0000","44201","Ozone","16980","Chicago-Naperville-Elgin, IL-IN-WI","17","Illinois","031","Cook","42.139996190948","-87.7992269168431"
"01/25/2018","170314201","1","0.017","ppm","16","17","100.0000","44201","Ozone","16980","Chicago-Naperville-Elgin, IL-IN-WI","17","Illinois","031","Cook","42.139996190948","-87.7992269168431"
"01/26/2018","170314201","1","0.036","ppm","33","17","100.0000","44201","Ozone","16980","Chicago-Naperville-Elgin, IL-IN-WI","17","Illinois","031","Cook","42.139996190948","-87.7992269168431"
"01/27/2018","170314201","1","0.028","ppm","26","17","100.0000","44201","Ozone","16980","Chicago-Naperville-Elgin, IL-IN-WI","17","Illinois","031","Cook","42.139996190948","-87.7992269168431"
"01/28/2018","170314201","1","0.028","ppm","26","17","100.0000","44201","Ozone","16980","Chicago-Naperville-Elgin, IL-IN-WI","17","Illinois","031","Cook","42.139996190948","-87.7992269168431"
"01/29/2018","170314201","1","0.028","ppm","26","17","100.0000","44201","Ozone","16980","Chicago-Naperville-Elgin, IL-IN-WI","17","Illinois","031","Cook","42.139996190948","-87.7992269168431"
"01/30/2018","170314201","1","0.025","ppm","23","17","100.0000","44201","Ozone","16980","Chicago-Naperville-Elgin, IL-IN-WI","17","Illinois","031","Cook","42.139996190948","-87.7992269168431"
"01/31/2018","170314201","1","0.019","ppm","18","17","100.0000","44201","Ozone","16980","Chicago-Naperville-Elgin, IL-IN-WI","17","Illinois","031","Cook","42.139996190948","-87.7992269168431"
"02/01/2018","170314201","1","0.028","ppm","26","17","100.0000","44201","Ozone","16980","Chicago-Naperville-Elgin, IL-IN-WI","17","Illinois","031","Cook","42.139996190948","-87.7992269168431"
"02/02/2018","170314201","1","0.029","ppm","27","17","100.0000","44201","Ozone","16980","Chicago-Naperville-Elgin, IL-IN-WI","17","Illinois","031","Cook","42.139996190948","-87.7992269168431"
"02/03/2018","170314201","1","0.021","ppm","19","17","100.0000","44201","Ozone","16980","Chicago-Naperville-Elgin, IL-IN-WI","17","Illinois","031","Cook","42.139996190948","-87.7992269168431"
"02/04/2018","170314201","1","0.034","ppm","31","17","100.0000","44201","Ozone","16980","Chicago-Naperville-Elgin, IL-IN-WI","17","Illinois","031","Cook","42.139996190948","-87.7992269168431"
"02/05/2018","170314201","1","0.024","ppm","22","17","100.0000","44201","Ozone","16980","Chicago-Naperville-Elgin, IL-IN-WI","17","Illinois","031","Cook","42.139996190948","-87.7992269168431"
"02/06/2018","170314201","1","0.028","ppm","26","17","100.0000","44201","Ozone","16980","Chicago-Naperville-Elgin, IL-IN-WI","17","Illinois","031","Cook","42.139996190948","-87.7992269168431"
"02/07/2018","170314201","1","0.033","ppm","31","17","100.0000","44201","Ozone","16980","Chicago-Naperville-Elgin, IL-IN-WI","17","Illinois","031","Cook","42.139996190948","-87.7992269168431"
"02/08/2018","170314201","1","0.032","ppm","30","17","100.0000","44201","Ozone","16980","Chicago-Naperville-Elgin, IL-IN-WI","17","Illinois","031","Cook","42.139996190948","-87.7992269168431"
"02/09/2018","170314201","1","0.034","ppm","31","17","100.0000","44201","Ozone","16980","Chicago-Naperville-Elgin, IL-IN-WI","17","Illinois","031","Cook","42.139996190948","-87.7992269168431"
"02/10/2018","170314201","1","0.03","ppm","28","17","100.0000","44201","Ozone","16980","Chicago-Naperville-Elgin, IL-IN-WI","17","Illinois","031","Cook","42.139996190948","-87.7992269168431"
"02/11/2018","170314201","1","0.037","ppm","34","17","100.0000","44201","Ozone","16980","Chicago-Naperville-Elgin, IL-IN-WI","17","Illinois","031","Cook","42.139996190948","-87.7992269168431"
"02/12/2018","170314201","1","0.034","ppm","31","17","100.0000","44201","Ozone","16980","Chicago-Naperville-Elgin, IL-IN-WI","17","Illinois","031","Cook","42.139996190948","-87.7992269168431"
"02/13/2018","170314201","1","0.026","ppm","24","17","100.0000","44201","Ozone","16980","Chicago-Naperville-Elgin, IL-IN-WI","17","Illinois","031","Cook","42.139996190948","-87.7992269168431"
"02/14/2018","170314201","1","0.027","ppm","25","17","100.0000","44201","Ozone","16980","Chicago-Naperville-Elgin, IL-IN-WI","17","Illinois","031","Cook","42.139996190948","-87.7992269168431"
"02/15/2018","170314201","1","0.033","ppm","31","17","100.0000","44201","Ozone","16980","Chicago-Naperville-Elgin, IL-IN-WI","17","Illinois","031","Cook","42.139996190948","-87.7992269168431"
"02/16/2018","170314201","1","0.037","ppm","34","17","100.0000","44201","Ozone","16980","Chicago-Naperville-Elgin, IL-IN-WI","17","Illinois","031","Cook","42.139996190948","-87.7992269168431"
"02/17/2018","170314201","1","0.024","ppm","22","17","100.0000","44201","Ozone","16980","Chicago-Naperville-Elgin, IL-IN-WI","17","Illinois","031","Cook","42.139996190948","-87.7992269168431"
"02/18/2018","170314201","1","0.03","ppm","28","17","100.0000","44201","Ozone","16980","Chicago-Naperville-Elgin, IL-IN-WI","17","Illinois","031","Cook","42.139996190948","-87.7992269168431"
"02/19/2018","170314201","1","0.019","ppm","18","17","100.0000","44201","Ozone","16980","Chicago-Naperville-Elgin, IL-IN-WI","17","Illinois","031","Cook","42.139996190948","-87.7992269168431"
"02/20/2018","170314201","1","0.024","ppm","22","17","100.0000","44201","Ozone","16980","Chicago-Naperville-Elgin, IL-IN-WI","17","Illinois","031","Cook","42.139996190948","-87.7992269168431"
"02/21/2018","170314201","1","0.035","ppm","32","17","100.0000","44201","Ozone","16980","Chicago-Naperville-Elgin, IL-IN-WI","17","Illinois","031","Cook","42.139996190948","-87.7992269168431"
"02/22/2018","170314201","1","0.029","ppm","27","17","100.0000","44201","Ozone","16980","Chicago-Naperville-Elgin, IL-IN-WI","17","Illinois","031","Cook","42.139996190948","-87.7992269168431"
"02/23/2018","170314201","1","0.02","ppm","19","17","100.0000","44201","Ozone","16980","Chicago-Naperville-Elgin, IL-IN-WI","17","Illinois","031","Cook","42.139996190948","-87.7992269168431"
"02/24/2018","170314201","1","0.024","ppm","22","17","100.0000","44201","Ozone","16980","Chicago-Naperville-Elgin, IL-IN-WI","17","Illinois","031","Cook","42.139996190948","-87.7992269168431"
"02/25/2018","170314201","1","0.042","ppm","39","17","100.0000","44201","Ozone","16980","Chicago-Naperville-Elgin, IL-IN-WI","17","Illinois","031","Cook","42.139996190948","-87.7992269168431"
"02/26/2018","170314201","1","0.041","ppm","38","17","100.0000","44201","Ozone","16980","Chicago-Naperville-Elgin, IL-IN-WI","17","Illinois","031","Cook","42.139996190948","-87.7992269168431"
"02/27/2018","170314201","1","0.046","ppm","43","17","100.0000","44201","Ozone","16980","Chicago-Naperville-Elgin, IL-IN-WI","17","Illinois","031","Cook","42.139996190948","-87.7992269168431"
"02/28/2018","170314201","1","0.041","ppm","38","17","100.0000","44201","Ozone","16980","Chicago-Naperville-Elgin, IL-IN-WI","17","Illinois","031","Cook","42.139996190948","-87.7992269168431"
"03/01/2018","170314201","1","0.037","ppm","34","17","100.0000","44201","Ozone","16980","Chicago-Naperville-Elgin, IL-IN-WI","17","Illinois","031","Cook","42.139996190948","-87.7992269168431"
"03/02/2018","170314201","1","0.04","ppm","37","17","100.0000","44201","Ozone","16980","Chicago-Naperville-Elgin, IL-IN-WI","17","Illinois","031","Cook","42.139996190948","-87.7992269168431"
"03/03/2018","170314201","1","0.043","ppm","40","17","100.0000","44201","Ozone","16980","Chicago-Naperville-Elgin, IL-IN-WI","17","Illinois","031","Cook","42.139996190948","-87.7992269168431"
"03/04/2018","170314201","1","0.041","ppm","38","17","100.0000","44201","Ozone","16980","Chicago-Naperville-Elgin, IL-IN-WI","17","Illinois","031","Cook","42.139996190948","-87.7992269168431"
"03/05/2018","170314201","1","0.034","ppm","31","17","100.0000","44201","Ozone","16980","Chicago-Naperville-Elgin, IL-IN-WI","17","Illinois","031","Cook","42.139996190948","-87.7992269168431"
"03/06/2018","170314201","1","0.033","ppm","31","17","100.0000","44201","Ozone","16980","Chicago-Naperville-Elgin, IL-IN-WI","17","Illinois","031","Cook","42.139996190948","-87.7992269168431"
"03/08/2018","170314201","1","0.038","ppm","35","15","88.0000","44201","Ozone","16980","Chicago-Naperville-Elgin, IL-IN-WI","17","Illinois","031","Cook","42.139996190948","-87.7992269168431"
"03/09/2018","170314201","1","0.044","ppm","41","17","100.0000","44201","Ozone","16980","Chicago-Naperville-Elgin, IL-IN-WI","17","Illinois","031","Cook","42.139996190948","-87.7992269168431"
"03/10/2018","170314201","1","0.05","ppm","46","17","100.0000","44201","Ozone","16980","Chicago-Naperville-Elgin, IL-IN-WI","17","Illinois","031","Cook","42.139996190948","-87.7992269168431"
"03/11/2018","170314201","1","0.046","ppm","43","17","100.0000","44201","Ozone","16980","Chicago-Naperville-Elgin, IL-IN-WI","17","Illinois","031","Cook","42.139996190948","-87.7992269168431"
"03/12/2018","170314201","1","0.035","ppm","32","17","100.0000","44201","Ozone","16980","Chicago-Naperville-Elgin, IL-IN-WI","17","Illinois","031","Cook","42.139996190948","-87.7992269168431"
"03/13/2018","170314201","1","0.033","ppm","31","17","100.0000","44201","Ozone","16980","Chicago-Naperville-Elgin, IL-IN-WI","17","Illinois","031","Cook","42.139996190948","-87.7992269168431"
"03/14/2018","170314201","1","0.034","ppm","31","17","100.0000","44201","Ozone","16980","Chicago-Naperville-Elgin, IL-IN-WI","17","Illinois","031","Cook","42.139996190948","-87.7992269168431"
"03/15/2018","170314201","1","0.036","ppm","33","17","100.0000","44201","Ozone","16980","Chicago-Naperville-Elgin, IL-IN-WI","17","Illinois","031","Cook","42.139996190948","-87.7992269168431"
"03/16/2018","170314201","1","0.031","ppm","29","17","100.0000","44201","Ozone","16980","Chicago-Naperville-Elgin, IL-IN-WI","17","Illinois","031","Cook","42.139996190948","-87.7992269168431"
"03/17/2018","170314201","1","0.036","ppm","33","17","100.0000","44201","Ozone","16980","Chicago-Naperville-Elgin, IL-IN-WI","17","Illinois","031","Cook","42.139996190948","-87.7992269168431"
"03/18/2018","170314201","1","0.034","ppm","31","17","100.0000","44201","Ozone","16980","Chicago-Naperville-Elgin, IL-IN-WI","17","Illinois","031","Cook","42.139996190948","-87.7992269168431"
"03/19/2018","170314201","1","0.035","ppm","32","17","100.0000","44201","Ozone","16980","Chicago-Naperville-Elgin, IL-IN-WI","17","Illinois","031","Cook","42.139996190948","-87.7992269168431"
"03/20/2018","170314201","1","0.04","ppm","37","17","100.0000","44201","Ozone","16980","Chicago-Naperville-Elgin, IL-IN-WI","17","Illinois","031","Cook","42.139996190948","-87.7992269168431"
"03/21/2018","170314201","1","0.045","ppm","42","17","100.0000","44201","Ozone","16980","Chicago-Naperville-Elgin, IL-IN-WI","17","Illinois","031","Cook","42.139996190948","-87.7992269168431"
"03/22/2018","170314201","1","0.045","ppm","42","17","100.0000","44201","Ozone","16980","Chicago-Naperville-Elgin, IL-IN-WI","17","Illinois","031","Cook","42.139996190948","-87.7992269168431"
"03/23/2018","170314201","1","0.046","ppm","43","17","100.0000","44201","Ozone","16980","Chicago-Naperville-Elgin, IL-IN-WI","17","Illinois","031","Cook","42.139996190948","-87.7992269168431"
"03/24/2018","170314201","1","0.044","ppm","41","17","100.0000","44201","Ozone","16980","Chicago-Naperville-Elgin, IL-IN-WI","17","Illinois","031","Cook","42.139996190948","-87.7992269168431"
"03/25/2018","170314201","1","0.046","ppm","43","17","100.0000","44201","Ozone","16980","Chicago-Naperville-Elgin, IL-IN-WI","17","Illinois","031","Cook","42.139996190948","-87.7992269168431"
"03/26/2018","170314201","1","0.034","ppm","31","17","100.0000","44201","Ozone","16980","Chicago-Naperville-Elgin, IL-IN-WI","17","Illinois","031","Cook","42.139996190948","-87.7992269168431"
"03/27/2018","170314201","1","0.025","ppm","23","17","100.0000","44201","Ozone","16980","Chicago-Naperville-Elgin, IL-IN-WI","17","Illinois","031","Cook","42.139996190948","-87.7992269168431"
"03/28/2018","170314201","1","0.036","ppm","33","17","100.0000","44201","Ozone","16980","Chicago-Naperville-Elgin, IL-IN-WI","17","Illinois","031","Cook","42.139996190948","-87.7992269168431"
"03/29/2018","170314201","1","0.036","ppm","33","17","100.0000","44201","Ozone","16980","Chicago-Naperville-Elgin, IL-IN-WI","17","Illinois","031","Cook","42.139996190948","-87.7992269168431"
"03/30/2018","170314201","1","0.044","ppm","41","17","100.0000","44201","Ozone","16980","Chicago-Naperville-Elgin, IL-IN-WI","17","Illinois","031","Cook","42.139996190948","-87.7992269168431"
"03/31/2018","170314201","1","0.039","ppm","36","17","100.0000","44201","Ozone","16980","Chicago-Naperville-Elgin, IL-IN-WI","17","Illinois","031","Cook","42.139996190948","-87.7992269168431"
"04/01/2018","170314201","1","0.04","ppm","37","17","100.0000","44201","Ozone","16980","Chicago-Naperville-Elgin, IL-IN-WI","17","Illinois","031","Cook","42.139996190948","-87.7992269168431"
"04/02/2018","170314201","1","0.041","ppm","38","17","100.0000","44201","Ozone","16980","Chicago-Naperville-Elgin, IL-IN-WI","17","Illinois","031","Cook","42.139996190948","-87.7992269168431"
"04/03/2018","170314201","1","0.04","ppm","37","17","100.0000","44201","Ozone","16980","Chicago-Naperville-Elgin, IL-IN-WI","17","Illinois","031","Cook","42.139996190948","-87.7992269168431"
"04/04/2018","170314201","1","0.041","ppm","38","17","100.0000","44201","Ozone","16980","Chicago-Naperville-Elgin, IL-IN-WI","17","Illinois","031","Cook","42.139996190948","-87.7992269168431"
"04/05/2018","170314201","1","0.038","ppm","35","17","100.0000","44201","Ozone","16980","Chicago-Naperville-Elgin, IL-IN-WI","17","Illinois","031","Cook","42.139996190948","-87.7992269168431"
"04/06/2018","170314201","1","0.048","ppm","44","17","100.0000","44201","Ozone","16980","Chicago-Naperville-Elgin, IL-IN-WI","17","Illinois","031","Cook","42.139996190948","-87.7992269168431"
"04/07/2018","170314201","1","0.041","ppm","38","17","100.0000","44201","Ozone","16980","Chicago-Naperville-Elgin, IL-IN-WI","17","Illinois","031","Cook","42.139996190948","-87.7992269168431"
"04/08/2018","170314201","1","0.052","ppm","48","17","100.0000","44201","Ozone","16980","Chicago-Naperville-Elgin, IL-IN-WI","17","Illinois","031","Cook","42.139996190948","-87.7992269168431"
"04/09/2018","170314201","1","0.051","ppm","47","17","100.0000","44201","Ozone","16980","Chicago-Naperville-Elgin, IL-IN-WI","17","Illinois","031","Cook","42.139996190948","-87.7992269168431"
"04/10/2018","170314201","1","0.048","ppm","44","17","100.0000","44201","Ozone","16980","Chicago-Naperville-Elgin, IL-IN-WI","17","Illinois","031","Cook","42.139996190948","-87.7992269168431"
"04/11/2018","170314201","1","0.041","ppm","38","17","100.0000","44201","Ozone","16980","Chicago-Naperville-Elgin, IL-IN-WI","17","Illinois","031","Cook","42.139996190948","-87.7992269168431"
"04/12/2018","170314201","1","0.046","ppm","43","17","100.0000","44201","Ozone","16980","Chicago-Naperville-Elgin, IL-IN-WI","17","Illinois","031","Cook","42.139996190948","-87.7992269168431"
"04/13/2018","170314201","1","0.044","ppm","41","17","100.0000","44201","Ozone","16980","Chicago-Naperville-Elgin, IL-IN-WI","17","Illinois","031","Cook","42.139996190948","-87.7992269168431"
"04/14/2018","170314201","1","0.042","ppm","39","17","100.0000","44201","Ozone","16980","Chicago-Naperville-Elgin, IL-IN-WI","17","Illinois","031","Cook","42.139996190948","-87.7992269168431"
"04/15/2018","170314201","1","0.04","ppm","37","17","100.0000","44201","Ozone","16980","Chicago-Naperville-Elgin, IL-IN-WI","17","Illinois","031","Cook","42.139996190948","-87.7992269168431"
"04/16/2018","170314201","1","0.041","ppm","38","17","100.0000","44201","Ozone","16980","Chicago-Naperville-Elgin, IL-IN-WI","17","Illinois","031","Cook","42.139996190948","-87.7992269168431"
"04/17/2018","170314201","1","0.048","ppm","44","17","100.0000","44201","Ozone","16980","Chicago-Naperville-Elgin, IL-IN-WI","17","Illinois","031","Cook","42.139996190948","-87.7992269168431"
"04/18/2018","170314201","1","0.043","ppm","40","17","100.0000","44201","Ozone","16980","Chicago-Naperville-Elgin, IL-IN-WI","17","Illinois","031","Cook","42.139996190948","-87.7992269168431"
"04/19/2018","170314201","1","0.053","ppm","49","17","100.0000","44201","Ozone","16980","Chicago-Naperville-Elgin, IL-IN-WI","17","Illinois","031","Cook","42.139996190948","-87.7992269168431"
"04/20/2018","170314201","1","0.055","ppm","51","17","100.0000","44201","Ozone","16980","Chicago-Naperville-Elgin, IL-IN-WI","17","Illinois","031","Cook","42.139996190948","-87.7992269168431"
"04/21/2018","170314201","1","0.053","ppm","49","17","100.0000","44201","Ozone","16980","Chicago-Naperville-Elgin, IL-IN-WI","17","Illinois","031","Cook","42.139996190948","-87.7992269168431"
"04/22/2018","170314201","1","0.062","ppm","74","17","100.0000","44201","Ozone","16980","Chicago-Naperville-Elgin, IL-IN-WI","17","Illinois","031","Cook","42.139996190948","-87.7992269168431"
"04/23/2018","170314201","1","0.06","ppm","67","17","100.0000","44201","Ozone","16980","Chicago-Naperville-Elgin, IL-IN-WI","17","Illinois","031","Cook","42.139996190948","-87.7992269168431"
"04/24/2018","170314201","1","0.053","ppm","49","17","100.0000","44201","Ozone","16980","Chicago-Naperville-Elgin, IL-IN-WI","17","Illinois","031","Cook","42.139996190948","-87.7992269168431"
"04/25/2018","170314201","1","0.037","ppm","34","17","100.0000","44201","Ozone","16980","Chicago-Naperville-Elgin, IL-IN-WI","17","Illinois","031","Cook","42.139996190948","-87.7992269168431"
"04/26/2018","170314201","1","0.039","ppm","36","17","100.0000","44201","Ozone","16980","Chicago-Naperville-Elgin, IL-IN-WI","17","Illinois","031","Cook","42.139996190948","-87.7992269168431"
"04/27/2018","170314201","1","0.038","ppm","35","17","100.0000","44201","Ozone","16980","Chicago-Naperville-Elgin, IL-IN-WI","17","Illinois","031","Cook","42.139996190948","-87.7992269168431"
"04/28/2018","170314201","1","0.046","ppm","43","17","100.0000","44201","Ozone","16980","Chicago-Naperville-Elgin, IL-IN-WI","17","Illinois","031","Cook","42.139996190948","-87.7992269168431"
"04/29/2018","170314201","1","0.048","ppm","44","17","100.0000","44201","Ozone","16980","Chicago-Naperville-Elgin, IL-IN-WI","17","Illinois","031","Cook","42.139996190948","-87.7992269168431"
"04/30/2018","170314201","1","0.058","ppm","61","17","100.0000","44201","Ozone","16980","Chicago-Naperville-Elgin, IL-IN-WI","17","Illinois","031","Cook","42.139996190948","-87.7992269168431"
"05/01/2018","170314201","1","0.063","ppm","77","17","100.0000","44201","Ozone","16980","Chicago-Naperville-Elgin, IL-IN-WI","17","Illinois","031","Cook","42.139996190948","-87.7992269168431"
"05/02/2018","170314201","1","0.051","ppm","47","17","100.0000","44201","Ozone","16980","Chicago-Naperville-Elgin, IL-IN-WI","17","Illinois","031","Cook","42.139996190948","-87.7992269168431"
"05/03/2018","170314201","1","0.028","ppm","26","17","100.0000","44201","Ozone","16980","Chicago-Naperville-Elgin, IL-IN-WI","17","Illinois","031","Cook","42.139996190948","-87.7992269168431"
"05/04/2018","170314201","1","0.057","ppm","58","17","100.0000","44201","Ozone","16980","Chicago-Naperville-Elgin, IL-IN-WI","17","Illinois","031","Cook","42.139996190948","-87.7992269168431"
"05/05/2018","170314201","1","0.067","ppm","90","17","100.0000","44201","Ozone","16980","Chicago-Naperville-Elgin, IL-IN-WI","17","Illinois","031","Cook","42.139996190948","-87.7992269168431"
"05/06/2018","170314201","1","0.051","ppm","47","17","100.0000","44201","Ozone","16980","Chicago-Naperville-Elgin, IL-IN-WI","17","Illinois","031","Cook","42.139996190948","-87.7992269168431"
"05/07/2018","170314201","1","0.051","ppm","47","17","100.0000","44201","Ozone","16980","Chicago-Naperville-Elgin, IL-IN-WI","17","Illinois","031","Cook","42.139996190948","-87.7992269168431"
"05/08/2018","170314201","1","0.07","ppm","100","17","100.0000","44201","Ozone","16980","Chicago-Naperville-Elgin, IL-IN-WI","17","Illinois","031","Cook","42.139996190948","-87.7992269168431"
"05/09/2018","170314201","1","0.058","ppm","61","17","100.0000","44201","Ozone","16980","Chicago-Naperville-Elgin, IL-IN-WI","17","Illinois","031","Cook","42.139996190948","-87.7992269168431"
"05/10/2018","170314201","1","0.039","ppm","36","17","100.0000","44201","Ozone","16980","Chicago-Naperville-Elgin, IL-IN-WI","17","Illinois","031","Cook","42.139996190948","-87.7992269168431"
"05/11/2018","170314201","1","0.03","ppm","28","17","100.0000","44201","Ozone","16980","Chicago-Naperville-Elgin, IL-IN-WI","17","Illinois","031","Cook","42.139996190948","-87.7992269168431"
"05/12/2018","170314201","1","0.042","ppm","39","17","100.0000","44201","Ozone","16980","Chicago-Naperville-Elgin, IL-IN-WI","17","Illinois","031","Cook","42.139996190948","-87.7992269168431"
"05/13/2018","170314201","1","0.038","ppm","35","17","100.0000","44201","Ozone","16980","Chicago-Naperville-Elgin, IL-IN-WI","17","Illinois","031","Cook","42.139996190948","-87.7992269168431"
"05/14/2018","170314201","1","0.044","ppm","41","17","100.0000","44201","Ozone","16980","Chicago-Naperville-Elgin, IL-IN-WI","17","Illinois","031","Cook","42.139996190948","-87.7992269168431"
"05/15/2018","170314201","1","0.048","ppm","44","17","100.0000","44201","Ozone","16980","Chicago-Naperville-Elgin, IL-IN-WI","17","Illinois","031","Cook","42.139996190948","-87.7992269168431"
"05/16/2018","170314201","1","0.055","ppm","51","17","100.0000","44201","Ozone","16980","Chicago-Naperville-Elgin, IL-IN-WI","17","Illinois","031","Cook","42.139996190948","-87.7992269168431"
"05/17/2018","170314201","1","0.041","ppm","38","17","100.0000","44201","Ozone","16980","Chicago-Naperville-Elgin, IL-IN-WI","17","Illinois","031","Cook","42.139996190948","-87.7992269168431"
"05/18/2018","170314201","1","0.044","ppm","41","17","100.0000","44201","Ozone","16980","Chicago-Naperville-Elgin, IL-IN-WI","17","Illinois","031","Cook","42.139996190948","-87.7992269168431"
"05/19/2018","170314201","1","0.034","ppm","31","17","100.0000","44201","Ozone","16980","Chicago-Naperville-Elgin, IL-IN-WI","17","Illinois","031","Cook","42.139996190948","-87.7992269168431"
"05/20/2018","170314201","1","0.033","ppm","31","17","100.0000","44201","Ozone","16980","Chicago-Naperville-Elgin, IL-IN-WI","17","Illinois","031","Cook","42.139996190948","-87.7992269168431"
"05/21/2018","170314201","1","0.021","ppm","19","17","100.0000","44201","Ozone","16980","Chicago-Naperville-Elgin, IL-IN-WI","17","Illinois","031","Cook","42.139996190948","-87.7992269168431"
"05/22/2018","170314201","1","0.041","ppm","38","17","100.0000","44201","Ozone","16980","Chicago-Naperville-Elgin, IL-IN-WI","17","Illinois","031","Cook","42.139996190948","-87.7992269168431"
"05/23/2018","170314201","1","0.053","ppm","49","17","100.0000","44201","Ozone","16980","Chicago-Naperville-Elgin, IL-IN-WI","17","Illinois","031","Cook","42.139996190948","-87.7992269168431"
"05/24/2018","170314201","1","0.077","ppm","122","17","100.0000","44201","Ozone","16980","Chicago-Naperville-Elgin, IL-IN-WI","17","Illinois","031","Cook","42.139996190948","-87.7992269168431"
"05/25/2018","170314201","1","0.083","ppm","143","17","100.0000","44201","Ozone","16980","Chicago-Naperville-Elgin, IL-IN-WI","17","Illinois","031","Cook","42.139996190948","-87.7992269168431"
"05/26/2018","170314201","1","0.073","ppm","108","17","100.0000","44201","Ozone","16980","Chicago-Naperville-Elgin, IL-IN-WI","17","Illinois","031","Cook","42.139996190948","-87.7992269168431"
"05/27/2018","170314201","1","0.096","ppm","177","17","100.0000","44201","Ozone","16980","Chicago-Naperville-Elgin, IL-IN-WI","17","Illinois","031","Cook","42.139996190948","-87.7992269168431"
"05/28/2018","170314201","1","0.073","ppm","108","17","100.0000","44201","Ozone","16980","Chicago-Naperville-Elgin, IL-IN-WI","17","Illinois","031","Cook","42.139996190948","-87.7992269168431"
"05/29/2018","170314201","1","0.056","ppm","54","17","100.0000","44201","Ozone","16980","Chicago-Naperville-Elgin, IL-IN-WI","17","Illinois","031","Cook","42.139996190948","-87.7992269168431"
"05/30/2018","170314201","1","0.042","ppm","39","14","82.0000","44201","Ozone","16980","Chicago-Naperville-Elgin, IL-IN-WI","17","Illinois","031","Cook","42.139996190948","-87.7992269168431"
"05/31/2018","170314201","1","0.063","ppm","77","17","100.0000","44201","Ozone","16980","Chicago-Naperville-Elgin, IL-IN-WI","17","Illinois","031","Cook","42.139996190948","-87.7992269168431"
"06/01/2018","170314201","1","0.026","ppm","24","17","100.0000","44201","Ozone","16980","Chicago-Naperville-Elgin, IL-IN-WI","17","Illinois","031","Cook","42.139996190948","-87.7992269168431"
"06/02/2018","170314201","1","0.028","ppm","26","17","100.0000","44201","Ozone","16980","Chicago-Naperville-Elgin, IL-IN-WI","17","Illinois","031","Cook","42.139996190948","-87.7992269168431"
"06/03/2018","170314201","1","0.04","ppm","37","17","100.0000","44201","Ozone","16980","Chicago-Naperville-Elgin, IL-IN-WI","17","Illinois","031","Cook","42.139996190948","-87.7992269168431"
"06/04/2018","170314201","1","0.057","ppm","58","17","100.0000","44201","Ozone","16980","Chicago-Naperville-Elgin, IL-IN-WI","17","Illinois","031","Cook","42.139996190948","-87.7992269168431"
"06/05/2018","170314201","1","0.03","ppm","28","17","100.0000","44201","Ozone","16980","Chicago-Naperville-Elgin, IL-IN-WI","17","Illinois","031","Cook","42.139996190948","-87.7992269168431"
"06/06/2018","170314201","1","0.041","ppm","38","17","100.0000","44201","Ozone","16980","Chicago-Naperville-Elgin, IL-IN-WI","17","Illinois","031","Cook","42.139996190948","-87.7992269168431"
"06/07/2018","170314201","1","0.058","ppm","61","17","100.0000","44201","Ozone","16980","Chicago-Naperville-Elgin, IL-IN-WI","17","Illinois","031","Cook","42.139996190948","-87.7992269168431"
"06/08/2018","170314201","1","0.041","ppm","38","17","100.0000","44201","Ozone","16980","Chicago-Naperville-Elgin, IL-IN-WI","17","Illinois","031","Cook","42.139996190948","-87.7992269168431"
"06/09/2018","170314201","1","0.047","ppm","44","17","100.0000","44201","Ozone","16980","Chicago-Naperville-Elgin, IL-IN-WI","17","Illinois","031","Cook","42.139996190948","-87.7992269168431"
"06/10/2018","170314201","1","0.032","ppm","30","17","100.0000","44201","Ozone","16980","Chicago-Naperville-Elgin, IL-IN-WI","17","Illinois","031","Cook","42.139996190948","-87.7992269168431"
"06/11/2018","170314201","1","0.042","ppm","39","17","100.0000","44201","Ozone","16980","Chicago-Naperville-Elgin, IL-IN-WI","17","Illinois","031","Cook","42.139996190948","-87.7992269168431"
"06/12/2018","170314201","1","0.035","ppm","32","17","100.0000","44201","Ozone","16980","Chicago-Naperville-Elgin, IL-IN-WI","17","Illinois","031","Cook","42.139996190948","-87.7992269168431"
"06/13/2018","170314201","1","0.053","ppm","49","17","100.0000","44201","Ozone","16980","Chicago-Naperville-Elgin, IL-IN-WI","17","Illinois","031","Cook","42.139996190948","-87.7992269168431"
"06/14/2018","170314201","1","0.057","ppm","58","17","100.0000","44201","Ozone","16980","Chicago-Naperville-Elgin, IL-IN-WI","17","Illinois","031","Cook","42.139996190948","-87.7992269168431"
"06/15/2018","170314201","1","0.076","ppm","119","17","100.0000","44201","Ozone","16980","Chicago-Naperville-Elgin, IL-IN-WI","17","Illinois","031","Cook","42.139996190948","-87.7992269168431"
"06/16/2018","170314201","1","0.073","ppm","108","17","100.0000","44201","Ozone","16980","Chicago-Naperville-Elgin, IL-IN-WI","17","Illinois","031","Cook","42.139996190948","-87.7992269168431"
"06/17/2018","170314201","1","0.044","ppm","41","17","100.0000","44201","Ozone","16980","Chicago-Naperville-Elgin, IL-IN-WI","17","Illinois","031","Cook","42.139996190948","-87.7992269168431"
"06/18/2018","170314201","1","0.044","ppm","41","17","100.0000","44201","Ozone","16980","Chicago-Naperville-Elgin, IL-IN-WI","17","Illinois","031","Cook","42.139996190948","-87.7992269168431"
"06/19/2018","170314201","1","0.024","ppm","22","17","100.0000","44201","Ozone","16980","Chicago-Naperville-Elgin, IL-IN-WI","17","Illinois","031","Cook","42.139996190948","-87.7992269168431"
"06/20/2018","170314201","1","0.04","ppm","37","17","100.0000","44201","Ozone","16980","Chicago-Naperville-Elgin, IL-IN-WI","17","Illinois","031","Cook","42.139996190948","-87.7992269168431"
"06/21/2018","170314201","1","0.039","ppm","36","17","100.0000","44201","Ozone","16980","Chicago-Naperville-Elgin, IL-IN-WI","17","Illinois","031","Cook","42.139996190948","-87.7992269168431"
"06/22/2018","170314201","1","0.039","ppm","36","17","100.0000","44201","Ozone","16980","Chicago-Naperville-Elgin, IL-IN-WI","17","Illinois","031","Cook","42.139996190948","-87.7992269168431"
"06/23/2018","170314201","1","0.056","ppm","54","17","100.0000","44201","Ozone","16980","Chicago-Naperville-Elgin, IL-IN-WI","17","Illinois","031","Cook","42.139996190948","-87.7992269168431"
"06/24/2018","170314201","1","0.042","ppm","39","17","100.0000","44201","Ozone","16980","Chicago-Naperville-Elgin, IL-IN-WI","17","Illinois","031","Cook","42.139996190948","-87.7992269168431"
"06/25/2018","170314201","1","0.041","ppm","38","17","100.0000","44201","Ozone","16980","Chicago-Naperville-Elgin, IL-IN-WI","17","Illinois","031","Cook","42.139996190948","-87.7992269168431"
"06/26/2018","170314201","1","0.041","ppm","38","17","100.0000","44201","Ozone","16980","Chicago-Naperville-Elgin, IL-IN-WI","17","Illinois","031","Cook","42.139996190948","-87.7992269168431"
"06/27/2018","170314201","1","0.056","ppm","54","17","100.0000","44201","Ozone","16980","Chicago-Naperville-Elgin, IL-IN-WI","17","Illinois","031","Cook","42.139996190948","-87.7992269168431"
"06/28/2018","170314201","1","0.055","ppm","51","17","100.0000","44201","Ozone","16980","Chicago-Naperville-Elgin, IL-IN-WI","17","Illinois","031","Cook","42.139996190948","-87.7992269168431"
"06/29/2018","170314201","1","0.067","ppm","90","17","100.0000","44201","Ozone","16980","Chicago-Naperville-Elgin, IL-IN-WI","17","Illinois","031","Cook","42.139996190948","-87.7992269168431"
"06/30/2018","170314201","1","0.052","ppm","48","17","100.0000","44201","Ozone","16980","Chicago-Naperville-Elgin, IL-IN-WI","17","Illinois","031","Cook","42.139996190948","-87.7992269168431"
"07/01/2018","170314201","1","0.043","ppm","40","17","100.0000","44201","Ozone","16980","Chicago-Naperville-Elgin, IL-IN-WI","17","Illinois","031","Cook","42.139996190948","-87.7992269168431"
"07/02/2018","170314201","1","0.052","ppm","48","17","100.0000","44201","Ozone","16980","Chicago-Naperville-Elgin, IL-IN-WI","17","Illinois","031","Cook","42.139996190948","-87.7992269168431"
"07/03/2018","170314201","1","0.065","ppm","84","17","100.0000","44201","Ozone","16980","Chicago-Naperville-Elgin, IL-IN-WI","17","Illinois","031","Cook","42.139996190948","-87.7992269168431"
"07/04/2018","170314201","1","0.055","ppm","51","17","100.0000","44201","Ozone","16980","Chicago-Naperville-Elgin, IL-IN-WI","17","Illinois","031","Cook","42.139996190948","-87.7992269168431"
"07/05/2018","170314201","1","0.05","ppm","46","17","100.0000","44201","Ozone","16980","Chicago-Naperville-Elgin, IL-IN-WI","17","Illinois","031","Cook","42.139996190948","-87.7992269168431"
"07/06/2018","170314201","1","0.039","ppm","36","17","100.0000","44201","Ozone","16980","Chicago-Naperville-Elgin, IL-IN-WI","17","Illinois","031","Cook","42.139996190948","-87.7992269168431"
"07/07/2018","170314201","1","0.048","ppm","44","17","100.0000","44201","Ozone","16980","Chicago-Naperville-Elgin, IL-IN-WI","17","Illinois","031","Cook","42.139996190948","-87.7992269168431"
"07/08/2018","170314201","1","0.072","ppm","105","17","100.0000","44201","Ozone","16980","Chicago-Naperville-Elgin, IL-IN-WI","17","Illinois","031","Cook","42.139996190948","-87.7992269168431"
"07/09/2018","170314201","1","0.062","ppm","74","17","100.0000","44201","Ozone","16980","Chicago-Naperville-Elgin, IL-IN-WI","17","Illinois","031","Cook","42.139996190948","-87.7992269168431"
"07/10/2018","170314201","1","0.048","ppm","44","17","100.0000","44201","Ozone","16980","Chicago-Naperville-Elgin, IL-IN-WI","17","Illinois","031","Cook","42.139996190948","-87.7992269168431"
"07/11/2018","170314201","1","0.066","ppm","87","17","100.0000","44201","Ozone","16980","Chicago-Naperville-Elgin, IL-IN-WI","17","Illinois","031","Cook","42.139996190948","-87.7992269168431"
"07/12/2018","170314201","1","0.067","ppm","90","17","100.0000","44201","Ozone","16980","Chicago-Naperville-Elgin, IL-IN-WI","17","Illinois","031","Cook","42.139996190948","-87.7992269168431"
"07/13/2018","170314201","1","0.084","ppm","147","17","100.0000","44201","Ozone","16980","Chicago-Naperville-Elgin, IL-IN-WI","17","Illinois","031","Cook","42.139996190948","-87.7992269168431"
"07/14/2018","170314201","1","0.056","ppm","54","17","100.0000","44201","Ozone","16980","Chicago-Naperville-Elgin, IL-IN-WI","17","Illinois","031","Cook","42.139996190948","-87.7992269168431"
"07/15/2018","170314201","1","0.086","ppm","151","17","100.0000","44201","Ozone","16980","Chicago-Naperville-Elgin, IL-IN-WI","17","Illinois","031","Cook","42.139996190948","-87.7992269168431"
"07/16/2018","170314201","1","0.054","ppm","50","17","100.0000","44201","Ozone","16980","Chicago-Naperville-Elgin, IL-IN-WI","17","Illinois","031","Cook","42.139996190948","-87.7992269168431"
"07/17/2018","170314201","1","0.027","ppm","25","17","100.0000","44201","Ozone","16980","Chicago-Naperville-Elgin, IL-IN-WI","17","Illinois","031","Cook","42.139996190948","-87.7992269168431"
"07/18/2018","170314201","1","0.027","ppm","25","17","100.0000","44201","Ozone","16980","Chicago-Naperville-Elgin, IL-IN-WI","17","Illinois","031","Cook","42.139996190948","-87.7992269168431"
"07/19/2018","170314201","1","0.063","ppm","77","17","100.0000","44201","Ozone","16980","Chicago-Naperville-Elgin, IL-IN-WI","17","Illinois","031","Cook","42.139996190948","-87.7992269168431"
"07/20/2018","170314201","1","0.035","ppm","32","17","100.0000","44201","Ozone","16980","Chicago-Naperville-Elgin, IL-IN-WI","17","Illinois","031","Cook","42.139996190948","-87.7992269168431"
"07/21/2018","170314201","1","0.045","ppm","42","17","100.0000","44201","Ozone","16980","Chicago-Naperville-Elgin, IL-IN-WI","17","Illinois","031","Cook","42.139996190948","-87.7992269168431"
"07/22/2018","170314201","1","0.036","ppm","33","17","100.0000","44201","Ozone","16980","Chicago-Naperville-Elgin, IL-IN-WI","17","Illinois","031","Cook","42.139996190948","-87.7992269168431"
"07/23/2018","170314201","1","0.029","ppm","27","17","100.0000","44201","Ozone","16980","Chicago-Naperville-Elgin, IL-IN-WI","17","Illinois","031","Cook","42.139996190948","-87.7992269168431"
"07/24/2018","170314201","1","0.048","ppm","44","17","100.0000","44201","Ozone","16980","Chicago-Naperville-Elgin, IL-IN-WI","17","Illinois","031","Cook","42.139996190948","-87.7992269168431"
"07/25/2018","170314201","1","0.047","ppm","44","17","100.0000","44201","Ozone","16980","Chicago-Naperville-Elgin, IL-IN-WI","17","Illinois","031","Cook","42.139996190948","-87.7992269168431"
"07/26/2018","170314201","1","0.035","ppm","32","17","100.0000","44201","Ozone","16980","Chicago-Naperville-Elgin, IL-IN-WI","17","Illinois","031","Cook","42.139996190948","-87.7992269168431"
"07/27/2018","170314201","1","0.035","ppm","32","17","100.0000","44201","Ozone","16980","Chicago-Naperville-Elgin, IL-IN-WI","17","Illinois","031","Cook","42.139996190948","-87.7992269168431"
"07/28/2018","170314201","1","0.041","ppm","38","17","100.0000","44201","Ozone","16980","Chicago-Naperville-Elgin, IL-IN-WI","17","Illinois","031","Cook","42.139996190948","-87.7992269168431"
"07/29/2018","170314201","1","0.057","ppm","58","17","100.0000","44201","Ozone","16980","Chicago-Naperville-Elgin, IL-IN-WI","17","Illinois","031","Cook","42.139996190948","-87.7992269168431"
"07/30/2018","170314201","1","0.061","ppm","71","17","100.0000","44201","Ozone","16980","Chicago-Naperville-Elgin, IL-IN-WI","17","Illinois","031","Cook","42.139996190948","-87.7992269168431"
"07/31/2018","170314201","1","0.05","ppm","46","17","100.0000","44201","Ozone","16980","Chicago-Naperville-Elgin, IL-IN-WI","17","Illinois","031","Cook","42.139996190948","-87.7992269168431"
"08/01/2018","170314201","1","0.046","ppm","43","17","100.0000","44201","Ozone","16980","Chicago-Naperville-Elgin, IL-IN-WI","17","Illinois","031","Cook","42.139996190948","-87.7992269168431"
"08/02/2018","170314201","1","0.052","ppm","48","17","100.0000","44201","Ozone","16980","Chicago-Naperville-Elgin, IL-IN-WI","17","Illinois","031","Cook","42.139996190948","-87.7992269168431"
"08/03/2018","170314201","1","0.054","ppm","50","17","100.0000","44201","Ozone","16980","Chicago-Naperville-Elgin, IL-IN-WI","17","Illinois","031","Cook","42.139996190948","-87.7992269168431"
"08/04/2018","170314201","1","0.061","ppm","71","17","100.0000","44201","Ozone","16980","Chicago-Naperville-Elgin, IL-IN-WI","17","Illinois","031","Cook","42.139996190948","-87.7992269168431"
"08/05/2018","170314201","1","0.058","ppm","61","17","100.0000","44201","Ozone","16980","Chicago-Naperville-Elgin, IL-IN-WI","17","Illinois","031","Cook","42.139996190948","-87.7992269168431"
"08/06/2018","170314201","1","0.051","ppm","47","17","100.0000","44201","Ozone","16980","Chicago-Naperville-Elgin, IL-IN-WI","17","Illinois","031","Cook","42.139996190948","-87.7992269168431"
"08/07/2018","170314201","1","0.037","ppm","34","17","100.0000","44201","Ozone","16980","Chicago-Naperville-Elgin, IL-IN-WI","17","Illinois","031","Cook","42.139996190948","-87.7992269168431"
"08/08/2018","170314201","1","0.04","ppm","37","17","100.0000","44201","Ozone","16980","Chicago-Naperville-Elgin, IL-IN-WI","17","Illinois","031","Cook","42.139996190948","-87.7992269168431"
"08/09/2018","170314201","1","0.051","ppm","47","17","100.0000","44201","Ozone","16980","Chicago-Naperville-Elgin, IL-IN-WI","17","Illinois","031","Cook","42.139996190948","-87.7992269168431"
"08/10/2018","170314201","1","0.045","ppm","42","17","100.0000","44201","Ozone","16980","Chicago-Naperville-Elgin, IL-IN-WI","17","Illinois","031","Cook","42.139996190948","-87.7992269168431"
"08/11/2018","170314201","1","0.046","ppm","43","17","100.0000","44201","Ozone","16980","Chicago-Naperville-Elgin, IL-IN-WI","17","Illinois","031","Cook","42.139996190948","-87.7992269168431"
"08/12/2018","170314201","1","0.046","ppm","43","17","100.0000","44201","Ozone","16980","Chicago-Naperville-Elgin, IL-IN-WI","17","Illinois","031","Cook","42.139996190948","-87.7992269168431"
"08/13/2018","170314201","1","0.047","ppm","44","17","100.0000","44201","Ozone","16980","Chicago-Naperville-Elgin, IL-IN-WI","17","Illinois","031","Cook","42.139996190948","-87.7992269168431"
"08/14/2018","170314201","1","0.062","ppm","74","17","100.0000","44201","Ozone","16980","Chicago-Naperville-Elgin, IL-IN-WI","17","Illinois","031","Cook","42.139996190948","-87.7992269168431"
"08/15/2018","170314201","1","0.041","ppm","38","17","100.0000","44201","Ozone","16980","Chicago-Naperville-Elgin, IL-IN-WI","17","Illinois","031","Cook","42.139996190948","-87.7992269168431"
"08/21/2018","170314201","1","0.038","ppm","35","15","88.0000","44201","Ozone","16980","Chicago-Naperville-Elgin, IL-IN-WI","17","Illinois","031","Cook","42.139996190948","-87.7992269168431"
"08/22/2018","170314201","1","0.037","ppm","34","17","100.0000","44201","Ozone","16980","Chicago-Naperville-Elgin, IL-IN-WI","17","Illinois","031","Cook","42.139996190948","-87.7992269168431"
"08/23/2018","170314201","1","0.052","ppm","48","17","100.0000","44201","Ozone","16980","Chicago-Naperville-Elgin, IL-IN-WI","17","Illinois","031","Cook","42.139996190948","-87.7992269168431"
"08/24/2018","170314201","1","0.043","ppm","40","17","100.0000","44201","Ozone","16980","Chicago-Naperville-Elgin, IL-IN-WI","17","Illinois","031","Cook","42.139996190948","-87.7992269168431"
"08/25/2018","170314201","1","0.044","ppm","41","17","100.0000","44201","Ozone","16980","Chicago-Naperville-Elgin, IL-IN-WI","17","Illinois","031","Cook","42.139996190948","-87.7992269168431"
"08/26/2018","170314201","1","0.053","ppm","49","17","100.0000","44201","Ozone","16980","Chicago-Naperville-Elgin, IL-IN-WI","17","Illinois","031","Cook","42.139996190948","-87.7992269168431"
"08/27/2018","170314201","1","0.053","ppm","49","17","100.0000","44201","Ozone","16980","Chicago-Naperville-Elgin, IL-IN-WI","17","Illinois","031","Cook","42.139996190948","-87.7992269168431"
"08/28/2018","170314201","1","0.04","ppm","37","17","100.0000","44201","Ozone","16980","Chicago-Naperville-Elgin, IL-IN-WI","17","Illinois","031","Cook","42.139996190948","-87.7992269168431"
"08/29/2018","170314201","1","0.026","ppm","24","17","100.0000","44201","Ozone","16980","Chicago-Naperville-Elgin, IL-IN-WI","17","Illinois","031","Cook","42.139996190948","-87.7992269168431"
"08/30/2018","170314201","1","0.032","ppm","30","17","100.0000","44201","Ozone","16980","Chicago-Naperville-Elgin, IL-IN-WI","17","Illinois","031","Cook","42.139996190948","-87.7992269168431"
"08/31/2018","170314201","1","0.055","ppm","51","17","100.0000","44201","Ozone","16980","Chicago-Naperville-Elgin, IL-IN-WI","17","Illinois","031","Cook","42.139996190948","-87.7992269168431"
"09/01/2018","170314201","1","0.035","ppm","32","17","100.0000","44201","Ozone","16980","Chicago-Naperville-Elgin, IL-IN-WI","17","Illinois","031","Cook","42.139996190948","-87.7992269168431"
"09/02/2018","170314201","1","0.034","ppm","31","17","100.0000","44201","Ozone","16980","Chicago-Naperville-Elgin, IL-IN-WI","17","Illinois","031","Cook","42.139996190948","-87.7992269168431"
"09/03/2018","170314201","1","0.035","ppm","32","17","100.0000","44201","Ozone","16980","Chicago-Naperville-Elgin, IL-IN-WI","17","Illinois","031","Cook","42.139996190948","-87.7992269168431"
"09/04/2018","170314201","1","0.046","ppm","43","17","100.0000","44201","Ozone","16980","Chicago-Naperville-Elgin, IL-IN-WI","17","Illinois","031","Cook","42.139996190948","-87.7992269168431"
"09/05/2018","170314201","1","0.035","ppm","32","17","100.0000","44201","Ozone","16980","Chicago-Naperville-Elgin, IL-IN-WI","17","Illinois","031","Cook","42.139996190948","-87.7992269168431"
"09/06/2018","170314201","1","0.031","ppm","29","17","100.0000","44201","Ozone","16980","Chicago-Naperville-Elgin, IL-IN-WI","17","Illinois","031","Cook","42.139996190948","-87.7992269168431"
"09/07/2018","170314201","1","0.034","ppm","31","17","100.0000","44201","Ozone","16980","Chicago-Naperville-Elgin, IL-IN-WI","17","Illinois","031","Cook","42.139996190948","-87.7992269168431"
"09/08/2018","170314201","1","0.03","ppm","28","17","100.0000","44201","Ozone","16980","Chicago-Naperville-Elgin, IL-IN-WI","17","Illinois","031","Cook","42.139996190948","-87.7992269168431"
"09/09/2018","170314201","1","0.035","ppm","32","17","100.0000","44201","Ozone","16980","Chicago-Naperville-Elgin, IL-IN-WI","17","Illinois","031","Cook","42.139996190948","-87.7992269168431"
"09/10/2018","170314201","1","0.037","ppm","34","17","100.0000","44201","Ozone","16980","Chicago-Naperville-Elgin, IL-IN-WI","17","Illinois","031","Cook","42.139996190948","-87.7992269168431"
"09/11/2018","170314201","1","0.05","ppm","46","17","100.0000","44201","Ozone","16980","Chicago-Naperville-Elgin, IL-IN-WI","17","Illinois","031","Cook","42.139996190948","-87.7992269168431"
"09/12/2018","170314201","1","0.047","ppm","44","17","100.0000","44201","Ozone","16980","Chicago-Naperville-Elgin, IL-IN-WI","17","Illinois","031","Cook","42.139996190948","-87.7992269168431"
"09/13/2018","170314201","1","0.042","ppm","39","17","100.0000","44201","Ozone","16980","Chicago-Naperville-Elgin, IL-IN-WI","17","Illinois","031","Cook","42.139996190948","-87.7992269168431"
"09/14/2018","170314201","1","0.061","ppm","71","17","100.0000","44201","Ozone","16980","Chicago-Naperville-Elgin, IL-IN-WI","17","Illinois","031","Cook","42.139996190948","-87.7992269168431"
"09/15/2018","170314201","1","0.056","ppm","54","17","100.0000","44201","Ozone","16980","Chicago-Naperville-Elgin, IL-IN-WI","17","Illinois","031","Cook","42.139996190948","-87.7992269168431"
"09/16/2018","170314201","1","0.044","ppm","41","17","100.0000","44201","Ozone","16980","Chicago-Naperville-Elgin, IL-IN-WI","17","Illinois","031","Cook","42.139996190948","-87.7992269168431"
"09/17/2018","170314201","1","0.056","ppm","54","17","100.0000","44201","Ozone","16980","Chicago-Naperville-Elgin, IL-IN-WI","17","Illinois","031","Cook","42.139996190948","-87.7992269168431"
"09/18/2018","170314201","1","0.023","ppm","21","17","100.0000","44201","Ozone","16980","Chicago-Naperville-Elgin, IL-IN-WI","17","Illinois","031","Cook","42.139996190948","-87.7992269168431"
"09/19/2018","170314201","1","0.029","ppm","27","17","100.0000","44201","Ozone","16980","Chicago-Naperville-Elgin, IL-IN-WI","17","Illinois","031","Cook","42.139996190948","-87.7992269168431"
"09/20/2018","170314201","1","0.051","ppm","47","17","100.0000","44201","Ozone","16980","Chicago-Naperville-Elgin, IL-IN-WI","17","Illinois","031","Cook","42.139996190948","-87.7992269168431"
"09/21/2018","170314201","1","0.029","ppm","27","17","100.0000","44201","Ozone","16980","Chicago-Naperville-Elgin, IL-IN-WI","17","Illinois","031","Cook","42.139996190948","-87.7992269168431"
"09/22/2018","170314201","1","0.035","ppm","32","17","100.0000","44201","Ozone","16980","Chicago-Naperville-Elgin, IL-IN-WI","17","Illinois","031","Cook","42.139996190948","-87.7992269168431"
"09/23/2018","170314201","1","0.037","ppm","34","17","100.0000","44201","Ozone","16980","Chicago-Naperville-Elgin, IL-IN-WI","17","Illinois","031","Cook","42.139996190948","-87.7992269168431"
"09/24/2018","170314201","1","0.03","ppm","28","17","100.0000","44201","Ozone","16980","Chicago-Naperville-Elgin, IL-IN-WI","17","Illinois","031","Cook","42.139996190948","-87.7992269168431"
"09/25/2018","170314201","1","0.032","ppm","30","17","100.0000","44201","Ozone","16980","Chicago-Naperville-Elgin, IL-IN-WI","17","Illinois","031","Cook","42.139996190948","-87.7992269168431"
"09/26/2018","170314201","1","0.033","ppm","31","17","100.0000","44201","Ozone","16980","Chicago-Naperville-Elgin, IL-IN-WI","17","Illinois","031","Cook","42.139996190948","-87.7992269168431"
"09/28/2018","170314201","1","0.017","ppm","16","16","94.0000","44201","Ozone","16980","Chicago-Naperville-Elgin, IL-IN-WI","17","Illinois","031","Cook","42.139996190948","-87.7992269168431"
"09/29/2018","170314201","1","0.03","ppm","28","17","100.0000","44201","Ozone","16980","Chicago-Naperville-Elgin, IL-IN-WI","17","Illinois","031","Cook","42.139996190948","-87.7992269168431"
