"Date","AQS_SITE_ID","POC","Daily Max 1-hour SO2 Concentration","UNITS","DAILY_AQI_VALUE","DAILY_OBS_COUNT","PERCENT_COMPLETE","AQS_PARAMETER_CODE","AQS_PARAMETER_DESC","CBSA_CODE","CBSA_NAME","STATE_CODE","STATE","COUNTY_CODE","COUNTY","SITE_LATITUDE","SITE_LONGITUDE"
"01/01/2016","170314201","2","1.3","ppb","1","24","100.0000","42401","Sulfur dioxide","16980","Chicago-Naperville-Elgin, IL-IN-WI","17","Illinois","031","Cook","42.139996190948","-87.7992269168431"
"01/02/2016","170314201","2","1.5","ppb","1","24","100.0000","42401","Sulfur dioxide","16980","Chicago-Naperville-Elgin, IL-IN-WI","17","Illinois","031","Cook","42.139996190948","-87.7992269168431"
"01/03/2016","170314201","2","1.7","ppb","1","24","100.0000","42401","Sulfur dioxide","16980","Chicago-Naperville-Elgin, IL-IN-WI","17","Illinois","031","Cook","42.139996190948","-87.7992269168431"
"01/04/2016","170314201","2","2.1","ppb","3","24","100.0000","42401","Sulfur dioxide","16980","Chicago-Naperville-Elgin, IL-IN-WI","17","Illinois","031","Cook","42.139996190948","-87.7992269168431"
"01/05/2016","170314201","2","3.4","ppb","4","24","100.0000","42401","Sulfur dioxide","16980","Chicago-Naperville-Elgin, IL-IN-WI","17","Illinois","031","Cook","42.139996190948","-87.7992269168431"
"01/06/2016","170314201","2","3.1","ppb","4","24","100.0000","42401","Sulfur dioxide","16980","Chicago-Naperville-Elgin, IL-IN-WI","17","Illinois","031","Cook","42.139996190948","-87.7992269168431"
"01/07/2016","170314201","2","3.6","ppb","4","24","100.0000","42401","Sulfur dioxide","16980","Chicago-Naperville-Elgin, IL-IN-WI","17","Illinois","031","Cook","42.139996190948","-87.7992269168431"
"01/13/2016","170314201","2","3.3","ppb","4","24","100.0000","42401","Sulfur dioxide","16980","Chicago-Naperville-Elgin, IL-IN-WI","17","Illinois","031","Cook","42.139996190948","-87.7992269168431"
"01/14/2016","170314201","2","2.8","ppb","3","24","100.0000","42401","Sulfur dioxide","16980","Chicago-Naperville-Elgin, IL-IN-WI","17","Illinois","031","Cook","42.139996190948","-87.7992269168431"
"01/15/2016","170314201","2","1.8","ppb","1","24","100.0000","42401","Sulfur dioxide","16980","Chicago-Naperville-Elgin, IL-IN-WI","17","Illinois","031","Cook","42.139996190948","-87.7992269168431"
"01/16/2016","170314201","2","1.9","ppb","1","24","100.0000","42401","Sulfur dioxide","16980","Chicago-Naperville-Elgin, IL-IN-WI","17","Illinois","031","Cook","42.139996190948","-87.7992269168431"
"01/17/2016","170314201","2","1.6","ppb","1","24","100.0000","42401","Sulfur dioxide","16980","Chicago-Naperville-Elgin, IL-IN-WI","17","Illinois","031","Cook","42.139996190948","-87.7992269168431"
"01/18/2016","170314201","2","1.8","ppb","1","24","100.0000","42401","Sulfur dioxide","16980","Chicago-Naperville-Elgin, IL-IN-WI","17","Illinois","031","Cook","42.139996190948","-87.7992269168431"
"01/19/2016","170314201","2","2.3","ppb","3","24","100.0000","42401","Sulfur dioxide","16980","Chicago-Naperville-Elgin, IL-IN-WI","17","Illinois","031","Cook","42.139996190948","-87.7992269168431"
"01/20/2016","170314201","2","3","ppb","4","24","100.0000","42401","Sulfur dioxide","16980","Chicago-Naperville-Elgin, IL-IN-WI","17","Illinois","031","Cook","42.139996190948","-87.7992269168431"
"01/21/2016","170314201","2","2.3","ppb","3","24","100.0000","42401","Sulfur dioxide","16980","Chicago-Naperville-Elgin, IL-IN-WI","17","Illinois","031","Cook","42.139996190948","-87.7992269168431"
"01/22/2016","170314201","2","2.1","ppb","3","24","100.0000","42401","Sulfur dioxide","16980","Chicago-Naperville-Elgin, IL-IN-WI","17","Illinois","031","Cook","42.139996190948","-87.7992269168431"
"01/23/2016","170314201","2","1.8","ppb","1","24","100.0000","42401","Sulfur dioxide","16980","Chicago-Naperville-Elgin, IL-IN-WI","17","Illinois","031","Cook","42.139996190948","-87.7992269168431"
"01/24/2016","170314201","2","2.2","ppb","3","24","100.0000","42401","Sulfur dioxide","16980","Chicago-Naperville-Elgin, IL-IN-WI","17","Illinois","031","Cook","42.139996190948","-87.7992269168431"
"01/25/2016","170314201","2","4.2","ppb","6","24","100.0000","42401","Sulfur dioxide","16980","Chicago-Naperville-Elgin, IL-IN-WI","17","Illinois","031","Cook","42.139996190948","-87.7992269168431"
"02/11/2016","170314201","2","0.8","ppb","0","23","96.0000","42401","Sulfur dioxide","16980","Chicago-Naperville-Elgin, IL-IN-WI","17","Illinois","031","Cook","42.139996190948","-87.7992269168431"
"02/12/2016","170314201","2","0.5","ppb","0","24","100.0000","42401","Sulfur dioxide","16980","Chicago-Naperville-Elgin, IL-IN-WI","17","Illinois","031","Cook","42.139996190948","-87.7992269168431"
"02/13/2016","170314201","2","0.5","ppb","0","24","100.0000","42401","Sulfur dioxide","16980","Chicago-Naperville-Elgin, IL-IN-WI","17","Illinois","031","Cook","42.139996190948","-87.7992269168431"
"02/14/2016","170314201","2","2","ppb","3","24","100.0000","42401","Sulfur dioxide","16980","Chicago-Naperville-Elgin, IL-IN-WI","17","Illinois","031","Cook","42.139996190948","-87.7992269168431"
"02/15/2016","170314201","2","1.5","ppb","1","24","100.0000","42401","Sulfur dioxide","16980","Chicago-Naperville-Elgin, IL-IN-WI","17","Illinois","031","Cook","42.139996190948","-87.7992269168431"
"02/16/2016","170314201","2","1","ppb","1","24","100.0000","42401","Sulfur dioxide","16980","Chicago-Naperville-Elgin, IL-IN-WI","17","Illinois","031","Cook","42.139996190948","-87.7992269168431"
"02/17/2016","170314201","2","0.7","ppb","0","24","100.0000","42401","Sulfur dioxide","16980","Chicago-Naperville-Elgin, IL-IN-WI","17","Illinois","031","Cook","42.139996190948","-87.7992269168431"
"02/18/2016","170314201","2","3.8","ppb","4","24","100.0000","42401","Sulfur dioxide","16980","Chicago-Naperville-Elgin, IL-IN-WI","17","Illinois","031","Cook","42.139996190948","-87.7992269168431"
"02/19/2016","170314201","2","1.1","ppb","1","24","100.0000","42401","Sulfur dioxide","16980","Chicago-Naperville-Elgin, IL-IN-WI","17","Illinois","031","Cook","42.139996190948","-87.7992269168431"
"02/20/2016","170314201","2","0.7","ppb","0","24","100.0000","42401","Sulfur dioxide","16980","Chicago-Naperville-Elgin, IL-IN-WI","17","Illinois","031","Cook","42.139996190948","-87.7992269168431"
"02/21/2016","170314201","2","0.4","ppb","0","24","100.0000","42401","Sulfur dioxide","16980","Chicago-Naperville-Elgin, IL-IN-WI","17","Illinois","031","Cook","42.139996190948","-87.7992269168431"
"02/22/2016","170314201","2","1.1","ppb","1","21","88.0000","42401","Sulfur dioxide","16980","Chicago-Naperville-Elgin, IL-IN-WI","17","Illinois","031","Cook","42.139996190948","-87.7992269168431"
"02/23/2016","170314201","2","1.6","ppb","1","24","100.0000","42401","Sulfur dioxide","16980","Chicago-Naperville-Elgin, IL-IN-WI","17","Illinois","031","Cook","42.139996190948","-87.7992269168431"
"02/24/2016","170314201","2","0.5","ppb","0","24","100.0000","42401","Sulfur dioxide","16980","Chicago-Naperville-Elgin, IL-IN-WI","17","Illinois","031","Cook","42.139996190948","-87.7992269168431"
"02/25/2016","170314201","2","0.2","ppb","0","22","92.0000","42401","Sulfur dioxide","16980","Chicago-Naperville-Elgin, IL-IN-WI","17","Illinois","031","Cook","42.139996190948","-87.7992269168431"
"02/26/2016","170314201","2","0.9","ppb","0","24","100.0000","42401","Sulfur dioxide","16980","Chicago-Naperville-Elgin, IL-IN-WI","17","Illinois","031","Cook","42.139996190948","-87.7992269168431"
"02/27/2016","170314201","2","0.7","ppb","0","24","100.0000","42401","Sulfur dioxide","16980","Chicago-Naperville-Elgin, IL-IN-WI","17","Illinois","031","Cook","42.139996190948","-87.7992269168431"
"02/28/2016","170314201","2","0.5","ppb","0","24","100.0000","42401","Sulfur dioxide","16980","Chicago-Naperville-Elgin, IL-IN-WI","17","Illinois","031","Cook","42.139996190948","-87.7992269168431"
"02/29/2016","170314201","2","0.5","ppb","0","24","100.0000","42401","Sulfur dioxide","16980","Chicago-Naperville-Elgin, IL-IN-WI","17","Illinois","031","Cook","42.139996190948","-87.7992269168431"
"03/01/2016","170314201","2","0.7","ppb","0","24","100.0000","42401","Sulfur dioxide","16980","Chicago-Naperville-Elgin, IL-IN-WI","17","Illinois","031","Cook","42.139996190948","-87.7992269168431"
"03/02/2016","170314201","2","1.6","ppb","1","24","100.0000","42401","Sulfur dioxide","16980","Chicago-Naperville-Elgin, IL-IN-WI","17","Illinois","031","Cook","42.139996190948","-87.7992269168431"
"03/03/2016","170314201","2","0.9","ppb","0","24","100.0000","42401","Sulfur dioxide","16980","Chicago-Naperville-Elgin, IL-IN-WI","17","Illinois","031","Cook","42.139996190948","-87.7992269168431"
"03/04/2016","170314201","2","1.8","ppb","1","24","100.0000","42401","Sulfur dioxide","16980","Chicago-Naperville-Elgin, IL-IN-WI","17","Illinois","031","Cook","42.139996190948","-87.7992269168431"
"03/05/2016","170314201","2","0.9","ppb","0","24","100.0000","42401","Sulfur dioxide","16980","Chicago-Naperville-Elgin, IL-IN-WI","17","Illinois","031","Cook","42.139996190948","-87.7992269168431"
"03/06/2016","170314201","2","3.4","ppb","4","24","100.0000","42401","Sulfur dioxide","16980","Chicago-Naperville-Elgin, IL-IN-WI","17","Illinois","031","Cook","42.139996190948","-87.7992269168431"
"03/07/2016","170314201","2","3","ppb","4","24","100.0000","42401","Sulfur dioxide","16980","Chicago-Naperville-Elgin, IL-IN-WI","17","Illinois","031","Cook","42.139996190948","-87.7992269168431"
"03/08/2016","170314201","2","1.7","ppb","1","24","100.0000","42401","Sulfur dioxide","16980","Chicago-Naperville-Elgin, IL-IN-WI","17","Illinois","031","Cook","42.139996190948","-87.7992269168431"
"03/09/2016","170314201","2","0.2","ppb","0","24","100.0000","42401","Sulfur dioxide","16980","Chicago-Naperville-Elgin, IL-IN-WI","17","Illinois","031","Cook","42.139996190948","-87.7992269168431"
"03/10/2016","170314201","2","0.7","ppb","0","24","100.0000","42401","Sulfur dioxide","16980","Chicago-Naperville-Elgin, IL-IN-WI","17","Illinois","031","Cook","42.139996190948","-87.7992269168431"
"03/11/2016","170314201","2","1","ppb","1","20","83.0000","42401","Sulfur dioxide","16980","Chicago-Naperville-Elgin, IL-IN-WI","17","Illinois","031","Cook","42.139996190948","-87.7992269168431"
"03/12/2016","170314201","2","2.9","ppb","3","24","100.0000","42401","Sulfur dioxide","16980","Chicago-Naperville-Elgin, IL-IN-WI","17","Illinois","031","Cook","42.139996190948","-87.7992269168431"
"03/13/2016","170314201","2","0.4","ppb","0","24","100.0000","42401","Sulfur dioxide","16980","Chicago-Naperville-Elgin, IL-IN-WI","17","Illinois","031","Cook","42.139996190948","-87.7992269168431"
"03/14/2016","170314201","2","0.6","ppb","0","24","100.0000","42401","Sulfur dioxide","16980","Chicago-Naperville-Elgin, IL-IN-WI","17","Illinois","031","Cook","42.139996190948","-87.7992269168431"
"03/15/2016","170314201","2","4.2","ppb","6","24","100.0000","42401","Sulfur dioxide","16980","Chicago-Naperville-Elgin, IL-IN-WI","17","Illinois","031","Cook","42.139996190948","-87.7992269168431"
"03/16/2016","170314201","2","0.5","ppb","0","24","100.0000","42401","Sulfur dioxide","16980","Chicago-Naperville-Elgin, IL-IN-WI","17","Illinois","031","Cook","42.139996190948","-87.7992269168431"
"03/17/2016","170314201","2","0.4","ppb","0","20","83.0000","42401","Sulfur dioxide","16980","Chicago-Naperville-Elgin, IL-IN-WI","17","Illinois","031","Cook","42.139996190948","-87.7992269168431"
"03/18/2016","170314201","2","0.7","ppb","0","23","96.0000","42401","Sulfur dioxide","16980","Chicago-Naperville-Elgin, IL-IN-WI","17","Illinois","031","Cook","42.139996190948","-87.7992269168431"
"03/19/2016","170314201","2","0.4","ppb","0","24","100.0000","42401","Sulfur dioxide","16980","Chicago-Naperville-Elgin, IL-IN-WI","17","Illinois","031","Cook","42.139996190948","-87.7992269168431"
"03/20/2016","170314201","2","0.4","ppb","0","24","100.0000","42401","Sulfur dioxide","16980","Chicago-Naperville-Elgin, IL-IN-WI","17","Illinois","031","Cook","42.139996190948","-87.7992269168431"
"03/21/2016","170314201","2","1.2","ppb","1","24","100.0000","42401","Sulfur dioxide","16980","Chicago-Naperville-Elgin, IL-IN-WI","17","Illinois","031","Cook","42.139996190948","-87.7992269168431"
"03/22/2016","170314201","2","0.9","ppb","0","24","100.0000","42401","Sulfur dioxide","16980","Chicago-Naperville-Elgin, IL-IN-WI","17","Illinois","031","Cook","42.139996190948","-87.7992269168431"
"03/23/2016","170314201","2","0.2","ppb","0","24","100.0000","42401","Sulfur dioxide","16980","Chicago-Naperville-Elgin, IL-IN-WI","17","Illinois","031","Cook","42.139996190948","-87.7992269168431"
"03/24/2016","170314201","2","0.3","ppb","0","24","100.0000","42401","Sulfur dioxide","16980","Chicago-Naperville-Elgin, IL-IN-WI","17","Illinois","031","Cook","42.139996190948","-87.7992269168431"
"03/25/2016","170314201","2","0.2","ppb","0","24","100.0000","42401","Sulfur dioxide","16980","Chicago-Naperville-Elgin, IL-IN-WI","17","Illinois","031","Cook","42.139996190948","-87.7992269168431"
"03/26/2016","170314201","2","1.4","ppb","1","24","100.0000","42401","Sulfur dioxide","16980","Chicago-Naperville-Elgin, IL-IN-WI","17","Illinois","031","Cook","42.139996190948","-87.7992269168431"
"03/27/2016","170314201","2","1.6","ppb","1","24","100.0000","42401","Sulfur dioxide","16980","Chicago-Naperville-Elgin, IL-IN-WI","17","Illinois","031","Cook","42.139996190948","-87.7992269168431"
"03/28/2016","170314201","2","0.6","ppb","0","24","100.0000","42401","Sulfur dioxide","16980","Chicago-Naperville-Elgin, IL-IN-WI","17","Illinois","031","Cook","42.139996190948","-87.7992269168431"
"03/29/2016","170314201","2","5.2","ppb","7","24","100.0000","42401","Sulfur dioxide","16980","Chicago-Naperville-Elgin, IL-IN-WI","17","Illinois","031","Cook","42.139996190948","-87.7992269168431"
"03/30/2016","170314201","2","1","ppb","1","24","100.0000","42401","Sulfur dioxide","16980","Chicago-Naperville-Elgin, IL-IN-WI","17","Illinois","031","Cook","42.139996190948","-87.7992269168431"
"03/31/2016","170314201","2","0.4","ppb","0","24","100.0000","42401","Sulfur dioxide","16980","Chicago-Naperville-Elgin, IL-IN-WI","17","Illinois","031","Cook","42.139996190948","-87.7992269168431"
"04/01/2016","170314201","2","0.4","ppb","0","24","100.0000","42401","Sulfur dioxide","16980","Chicago-Naperville-Elgin, IL-IN-WI","17","Illinois","031","Cook","42.139996190948","-87.7992269168431"
"04/02/2016","170314201","2","0.4","ppb","0","24","100.0000","42401","Sulfur dioxide","16980","Chicago-Naperville-Elgin, IL-IN-WI","17","Illinois","031","Cook","42.139996190948","-87.7992269168431"
"04/03/2016","170314201","2","1.2","ppb","1","24","100.0000","42401","Sulfur dioxide","16980","Chicago-Naperville-Elgin, IL-IN-WI","17","Illinois","031","Cook","42.139996190948","-87.7992269168431"
"04/04/2016","170314201","2","0.5","ppb","0","24","100.0000","42401","Sulfur dioxide","16980","Chicago-Naperville-Elgin, IL-IN-WI","17","Illinois","031","Cook","42.139996190948","-87.7992269168431"
"04/05/2016","170314201","2","0.9","ppb","0","22","92.0000","42401","Sulfur dioxide","16980","Chicago-Naperville-Elgin, IL-IN-WI","17","Illinois","031","Cook","42.139996190948","-87.7992269168431"
"04/06/2016","170314201","2","0.8","ppb","0","24","100.0000","42401","Sulfur dioxide","16980","Chicago-Naperville-Elgin, IL-IN-WI","17","Illinois","031","Cook","42.139996190948","-87.7992269168431"
"04/07/2016","170314201","2","0.8","ppb","0","24","100.0000","42401","Sulfur dioxide","16980","Chicago-Naperville-Elgin, IL-IN-WI","17","Illinois","031","Cook","42.139996190948","-87.7992269168431"
"04/08/2016","170314201","2","0.6","ppb","0","24","100.0000","42401","Sulfur dioxide","16980","Chicago-Naperville-Elgin, IL-IN-WI","17","Illinois","031","Cook","42.139996190948","-87.7992269168431"
"04/09/2016","170314201","2","1.4","ppb","1","24","100.0000","42401","Sulfur dioxide","16980","Chicago-Naperville-Elgin, IL-IN-WI","17","Illinois","031","Cook","42.139996190948","-87.7992269168431"
"04/10/2016","170314201","2","0.6","ppb","0","24","100.0000","42401","Sulfur dioxide","16980","Chicago-Naperville-Elgin, IL-IN-WI","17","Illinois","031","Cook","42.139996190948","-87.7992269168431"
"04/11/2016","170314201","2","0.7","ppb","0","24","100.0000","42401","Sulfur dioxide","16980","Chicago-Naperville-Elgin, IL-IN-WI","17","Illinois","031","Cook","42.139996190948","-87.7992269168431"
"04/12/2016","170314201","2","1","ppb","1","23","96.0000","42401","Sulfur dioxide","16980","Chicago-Naperville-Elgin, IL-IN-WI","17","Illinois","031","Cook","42.139996190948","-87.7992269168431"
"04/13/2016","170314201","2","2.6","ppb","3","23","96.0000","42401","Sulfur dioxide","16980","Chicago-Naperville-Elgin, IL-IN-WI","17","Illinois","031","Cook","42.139996190948","-87.7992269168431"
"04/14/2016","170314201","2","1.7","ppb","1","24","100.0000","42401","Sulfur dioxide","16980","Chicago-Naperville-Elgin, IL-IN-WI","17","Illinois","031","Cook","42.139996190948","-87.7992269168431"
"04/15/2016","170314201","2","0.9","ppb","0","22","92.0000","42401","Sulfur dioxide","16980","Chicago-Naperville-Elgin, IL-IN-WI","17","Illinois","031","Cook","42.139996190948","-87.7992269168431"
"04/16/2016","170314201","2","1.6","ppb","1","24","100.0000","42401","Sulfur dioxide","16980","Chicago-Naperville-Elgin, IL-IN-WI","17","Illinois","031","Cook","42.139996190948","-87.7992269168431"
"04/17/2016","170314201","2","4.2","ppb","6","24","100.0000","42401","Sulfur dioxide","16980","Chicago-Naperville-Elgin, IL-IN-WI","17","Illinois","031","Cook","42.139996190948","-87.7992269168431"
"04/18/2016","170314201","2","1.8","ppb","1","24","100.0000","42401","Sulfur dioxide","16980","Chicago-Naperville-Elgin, IL-IN-WI","17","Illinois","031","Cook","42.139996190948","-87.7992269168431"
"04/19/2016","170314201","2","0.4","ppb","0","24","100.0000","42401","Sulfur dioxide","16980","Chicago-Naperville-Elgin, IL-IN-WI","17","Illinois","031","Cook","42.139996190948","-87.7992269168431"
"04/20/2016","170314201","2","0.5","ppb","0","24","100.0000","42401","Sulfur dioxide","16980","Chicago-Naperville-Elgin, IL-IN-WI","17","Illinois","031","Cook","42.139996190948","-87.7992269168431"
"04/21/2016","170314201","2","0.2","ppb","0","24","100.0000","42401","Sulfur dioxide","16980","Chicago-Naperville-Elgin, IL-IN-WI","17","Illinois","031","Cook","42.139996190948","-87.7992269168431"
"04/22/2016","170314201","2","0.3","ppb","0","24","100.0000","42401","Sulfur dioxide","16980","Chicago-Naperville-Elgin, IL-IN-WI","17","Illinois","031","Cook","42.139996190948","-87.7992269168431"
"04/23/2016","170314201","2","0.2","ppb","0","24","100.0000","42401","Sulfur dioxide","16980","Chicago-Naperville-Elgin, IL-IN-WI","17","Illinois","031","Cook","42.139996190948","-87.7992269168431"
"04/24/2016","170314201","2","0.9","ppb","0","24","100.0000","42401","Sulfur dioxide","16980","Chicago-Naperville-Elgin, IL-IN-WI","17","Illinois","031","Cook","42.139996190948","-87.7992269168431"
"04/25/2016","170314201","2","1","ppb","1","24","100.0000","42401","Sulfur dioxide","16980","Chicago-Naperville-Elgin, IL-IN-WI","17","Illinois","031","Cook","42.139996190948","-87.7992269168431"
"04/26/2016","170314201","2","0.6","ppb","0","24","100.0000","42401","Sulfur dioxide","16980","Chicago-Naperville-Elgin, IL-IN-WI","17","Illinois","031","Cook","42.139996190948","-87.7992269168431"
"04/27/2016","170314201","2","0.2","ppb","0","24","100.0000","42401","Sulfur dioxide","16980","Chicago-Naperville-Elgin, IL-IN-WI","17","Illinois","031","Cook","42.139996190948","-87.7992269168431"
"04/28/2016","170314201","2","0.3","ppb","0","24","100.0000","42401","Sulfur dioxide","16980","Chicago-Naperville-Elgin, IL-IN-WI","17","Illinois","031","Cook","42.139996190948","-87.7992269168431"
"04/29/2016","170314201","2","0.3","ppb","0","21","88.0000","42401","Sulfur dioxide","16980","Chicago-Naperville-Elgin, IL-IN-WI","17","Illinois","031","Cook","42.139996190948","-87.7992269168431"
"04/30/2016","170314201","2","0.2","ppb","0","24","100.0000","42401","Sulfur dioxide","16980","Chicago-Naperville-Elgin, IL-IN-WI","17","Illinois","031","Cook","42.139996190948","-87.7992269168431"
"05/01/2016","170314201","2","0.3","ppb","0","24","100.0000","42401","Sulfur dioxide","16980","Chicago-Naperville-Elgin, IL-IN-WI","17","Illinois","031","Cook","42.139996190948","-87.7992269168431"
"05/02/2016","170314201","2","0.3","ppb","0","24","100.0000","42401","Sulfur dioxide","16980","Chicago-Naperville-Elgin, IL-IN-WI","17","Illinois","031","Cook","42.139996190948","-87.7992269168431"
"05/03/2016","170314201","2","1","ppb","1","24","100.0000","42401","Sulfur dioxide","16980","Chicago-Naperville-Elgin, IL-IN-WI","17","Illinois","031","Cook","42.139996190948","-87.7992269168431"
"05/04/2016","170314201","2","0.3","ppb","0","24","100.0000","42401","Sulfur dioxide","16980","Chicago-Naperville-Elgin, IL-IN-WI","17","Illinois","031","Cook","42.139996190948","-87.7992269168431"
"05/05/2016","170314201","2","0.4","ppb","0","24","100.0000","42401","Sulfur dioxide","16980","Chicago-Naperville-Elgin, IL-IN-WI","17","Illinois","031","Cook","42.139996190948","-87.7992269168431"
"05/06/2016","170314201","2","1.9","ppb","1","24","100.0000","42401","Sulfur dioxide","16980","Chicago-Naperville-Elgin, IL-IN-WI","17","Illinois","031","Cook","42.139996190948","-87.7992269168431"
"05/07/2016","170314201","2","0.4","ppb","0","24","100.0000","42401","Sulfur dioxide","16980","Chicago-Naperville-Elgin, IL-IN-WI","17","Illinois","031","Cook","42.139996190948","-87.7992269168431"
"05/08/2016","170314201","2","1","ppb","1","24","100.0000","42401","Sulfur dioxide","16980","Chicago-Naperville-Elgin, IL-IN-WI","17","Illinois","031","Cook","42.139996190948","-87.7992269168431"
"05/09/2016","170314201","2","1.1","ppb","1","24","100.0000","42401","Sulfur dioxide","16980","Chicago-Naperville-Elgin, IL-IN-WI","17","Illinois","031","Cook","42.139996190948","-87.7992269168431"
"05/10/2016","170314201","2","0.2","ppb","0","24","100.0000","42401","Sulfur dioxide","16980","Chicago-Naperville-Elgin, IL-IN-WI","17","Illinois","031","Cook","42.139996190948","-87.7992269168431"
"05/11/2016","170314201","2","0.3","ppb","0","24","100.0000","42401","Sulfur dioxide","16980","Chicago-Naperville-Elgin, IL-IN-WI","17","Illinois","031","Cook","42.139996190948","-87.7992269168431"
"05/12/2016","170314201","2","0.2","ppb","0","24","100.0000","42401","Sulfur dioxide","16980","Chicago-Naperville-Elgin, IL-IN-WI","17","Illinois","031","Cook","42.139996190948","-87.7992269168431"
"05/13/2016","170314201","2","0.4","ppb","0","24","100.0000","42401","Sulfur dioxide","16980","Chicago-Naperville-Elgin, IL-IN-WI","17","Illinois","031","Cook","42.139996190948","-87.7992269168431"
"05/14/2016","170314201","2","0.6","ppb","0","24","100.0000","42401","Sulfur dioxide","16980","Chicago-Naperville-Elgin, IL-IN-WI","17","Illinois","031","Cook","42.139996190948","-87.7992269168431"
"05/15/2016","170314201","2","0.9","ppb","0","24","100.0000","42401","Sulfur dioxide","16980","Chicago-Naperville-Elgin, IL-IN-WI","17","Illinois","031","Cook","42.139996190948","-87.7992269168431"
"05/16/2016","170314201","2","0.3","ppb","0","24","100.0000","42401","Sulfur dioxide","16980","Chicago-Naperville-Elgin, IL-IN-WI","17","Illinois","031","Cook","42.139996190948","-87.7992269168431"
"05/17/2016","170314201","2","0.3","ppb","0","24","100.0000","42401","Sulfur dioxide","16980","Chicago-Naperville-Elgin, IL-IN-WI","17","Illinois","031","Cook","42.139996190948","-87.7992269168431"
"05/18/2016","170314201","2","1","ppb","1","24","100.0000","42401","Sulfur dioxide","16980","Chicago-Naperville-Elgin, IL-IN-WI","17","Illinois","031","Cook","42.139996190948","-87.7992269168431"
"05/19/2016","170314201","2","1.7","ppb","1","24","100.0000","42401","Sulfur dioxide","16980","Chicago-Naperville-Elgin, IL-IN-WI","17","Illinois","031","Cook","42.139996190948","-87.7992269168431"
"05/20/2016","170314201","2","1.7","ppb","1","24","100.0000","42401","Sulfur dioxide","16980","Chicago-Naperville-Elgin, IL-IN-WI","17","Illinois","031","Cook","42.139996190948","-87.7992269168431"
"05/21/2016","170314201","2","0.4","ppb","0","24","100.0000","42401","Sulfur dioxide","16980","Chicago-Naperville-Elgin, IL-IN-WI","17","Illinois","031","Cook","42.139996190948","-87.7992269168431"
"05/22/2016","170314201","2","0.4","ppb","0","24","100.0000","42401","Sulfur dioxide","16980","Chicago-Naperville-Elgin, IL-IN-WI","17","Illinois","031","Cook","42.139996190948","-87.7992269168431"
"05/23/2016","170314201","2","1.7","ppb","1","24","100.0000","42401","Sulfur dioxide","16980","Chicago-Naperville-Elgin, IL-IN-WI","17","Illinois","031","Cook","42.139996190948","-87.7992269168431"
"05/24/2016","170314201","2","1.2","ppb","1","24","100.0000","42401","Sulfur dioxide","16980","Chicago-Naperville-Elgin, IL-IN-WI","17","Illinois","031","Cook","42.139996190948","-87.7992269168431"
"05/25/2016","170314201","2","0.7","ppb","0","24","100.0000","42401","Sulfur dioxide","16980","Chicago-Naperville-Elgin, IL-IN-WI","17","Illinois","031","Cook","42.139996190948","-87.7992269168431"
"05/26/2016","170314201","2","0.4","ppb","0","24","100.0000","42401","Sulfur dioxide","16980","Chicago-Naperville-Elgin, IL-IN-WI","17","Illinois","031","Cook","42.139996190948","-87.7992269168431"
"05/27/2016","170314201","2","0.5","ppb","0","24","100.0000","42401","Sulfur dioxide","16980","Chicago-Naperville-Elgin, IL-IN-WI","17","Illinois","031","Cook","42.139996190948","-87.7992269168431"
"05/28/2016","170314201","2","0.6","ppb","0","24","100.0000","42401","Sulfur dioxide","16980","Chicago-Naperville-Elgin, IL-IN-WI","17","Illinois","031","Cook","42.139996190948","-87.7992269168431"
"05/29/2016","170314201","2","0.4","ppb","0","24","100.0000","42401","Sulfur dioxide","16980","Chicago-Naperville-Elgin, IL-IN-WI","17","Illinois","031","Cook","42.139996190948","-87.7992269168431"
"05/30/2016","170314201","2","0.4","ppb","0","24","100.0000","42401","Sulfur dioxide","16980","Chicago-Naperville-Elgin, IL-IN-WI","17","Illinois","031","Cook","42.139996190948","-87.7992269168431"
"05/31/2016","170314201","2","3","ppb","4","24","100.0000","42401","Sulfur dioxide","16980","Chicago-Naperville-Elgin, IL-IN-WI","17","Illinois","031","Cook","42.139996190948","-87.7992269168431"
"06/01/2016","170314201","2","0.5","ppb","0","24","100.0000","42401","Sulfur dioxide","16980","Chicago-Naperville-Elgin, IL-IN-WI","17","Illinois","031","Cook","42.139996190948","-87.7992269168431"
"06/02/2016","170314201","2","0.4","ppb","0","24","100.0000","42401","Sulfur dioxide","16980","Chicago-Naperville-Elgin, IL-IN-WI","17","Illinois","031","Cook","42.139996190948","-87.7992269168431"
"06/03/2016","170314201","2","1.6","ppb","1","24","100.0000","42401","Sulfur dioxide","16980","Chicago-Naperville-Elgin, IL-IN-WI","17","Illinois","031","Cook","42.139996190948","-87.7992269168431"
"06/04/2016","170314201","2","1.5","ppb","1","24","100.0000","42401","Sulfur dioxide","16980","Chicago-Naperville-Elgin, IL-IN-WI","17","Illinois","031","Cook","42.139996190948","-87.7992269168431"
"06/05/2016","170314201","2","0.5","ppb","0","24","100.0000","42401","Sulfur dioxide","16980","Chicago-Naperville-Elgin, IL-IN-WI","17","Illinois","031","Cook","42.139996190948","-87.7992269168431"
"06/06/2016","170314201","2","0.5","ppb","0","24","100.0000","42401","Sulfur dioxide","16980","Chicago-Naperville-Elgin, IL-IN-WI","17","Illinois","031","Cook","42.139996190948","-87.7992269168431"
"06/07/2016","170314201","2","0.4","ppb","0","24","100.0000","42401","Sulfur dioxide","16980","Chicago-Naperville-Elgin, IL-IN-WI","17","Illinois","031","Cook","42.139996190948","-87.7992269168431"
"06/08/2016","170314201","2","0.5","ppb","0","24","100.0000","42401","Sulfur dioxide","16980","Chicago-Naperville-Elgin, IL-IN-WI","17","Illinois","031","Cook","42.139996190948","-87.7992269168431"
"06/09/2016","170314201","2","1.2","ppb","1","24","100.0000","42401","Sulfur dioxide","16980","Chicago-Naperville-Elgin, IL-IN-WI","17","Illinois","031","Cook","42.139996190948","-87.7992269168431"
"06/10/2016","170314201","2","0.8","ppb","0","24","100.0000","42401","Sulfur dioxide","16980","Chicago-Naperville-Elgin, IL-IN-WI","17","Illinois","031","Cook","42.139996190948","-87.7992269168431"
"06/11/2016","170314201","2","0.8","ppb","0","24","100.0000","42401","Sulfur dioxide","16980","Chicago-Naperville-Elgin, IL-IN-WI","17","Illinois","031","Cook","42.139996190948","-87.7992269168431"
"06/12/2016","170314201","2","0.6","ppb","0","24","100.0000","42401","Sulfur dioxide","16980","Chicago-Naperville-Elgin, IL-IN-WI","17","Illinois","031","Cook","42.139996190948","-87.7992269168431"
"06/13/2016","170314201","2","3.7","ppb","4","24","100.0000","42401","Sulfur dioxide","16980","Chicago-Naperville-Elgin, IL-IN-WI","17","Illinois","031","Cook","42.139996190948","-87.7992269168431"
"06/14/2016","170314201","2","1.9","ppb","1","24","100.0000","42401","Sulfur dioxide","16980","Chicago-Naperville-Elgin, IL-IN-WI","17","Illinois","031","Cook","42.139996190948","-87.7992269168431"
"06/15/2016","170314201","2","1","ppb","1","24","100.0000","42401","Sulfur dioxide","16980","Chicago-Naperville-Elgin, IL-IN-WI","17","Illinois","031","Cook","42.139996190948","-87.7992269168431"
"06/16/2016","170314201","2","1.6","ppb","1","24","100.0000","42401","Sulfur dioxide","16980","Chicago-Naperville-Elgin, IL-IN-WI","17","Illinois","031","Cook","42.139996190948","-87.7992269168431"
"06/17/2016","170314201","2","1.1","ppb","1","23","96.0000","42401","Sulfur dioxide","16980","Chicago-Naperville-Elgin, IL-IN-WI","17","Illinois","031","Cook","42.139996190948","-87.7992269168431"
"06/18/2016","170314201","2","0.9","ppb","0","22","92.0000","42401","Sulfur dioxide","16980","Chicago-Naperville-Elgin, IL-IN-WI","17","Illinois","031","Cook","42.139996190948","-87.7992269168431"
"06/19/2016","170314201","2","2","ppb","3","20","83.0000","42401","Sulfur dioxide","16980","Chicago-Naperville-Elgin, IL-IN-WI","17","Illinois","031","Cook","42.139996190948","-87.7992269168431"
"06/20/2016","170314201","2","1.1","ppb","1","24","100.0000","42401","Sulfur dioxide","16980","Chicago-Naperville-Elgin, IL-IN-WI","17","Illinois","031","Cook","42.139996190948","-87.7992269168431"
"06/21/2016","170314201","2","0.6","ppb","0","24","100.0000","42401","Sulfur dioxide","16980","Chicago-Naperville-Elgin, IL-IN-WI","17","Illinois","031","Cook","42.139996190948","-87.7992269168431"
"06/22/2016","170314201","2","0.8","ppb","0","24","100.0000","42401","Sulfur dioxide","16980","Chicago-Naperville-Elgin, IL-IN-WI","17","Illinois","031","Cook","42.139996190948","-87.7992269168431"
"06/23/2016","170314201","2","0.7","ppb","0","24","100.0000","42401","Sulfur dioxide","16980","Chicago-Naperville-Elgin, IL-IN-WI","17","Illinois","031","Cook","42.139996190948","-87.7992269168431"
"06/24/2016","170314201","2","1.8","ppb","1","24","100.0000","42401","Sulfur dioxide","16980","Chicago-Naperville-Elgin, IL-IN-WI","17","Illinois","031","Cook","42.139996190948","-87.7992269168431"
"06/25/2016","170314201","2","1.2","ppb","1","24","100.0000","42401","Sulfur dioxide","16980","Chicago-Naperville-Elgin, IL-IN-WI","17","Illinois","031","Cook","42.139996190948","-87.7992269168431"
"06/26/2016","170314201","2","1.3","ppb","1","24","100.0000","42401","Sulfur dioxide","16980","Chicago-Naperville-Elgin, IL-IN-WI","17","Illinois","031","Cook","42.139996190948","-87.7992269168431"
"06/27/2016","170314201","2","0.8","ppb","0","24","100.0000","42401","Sulfur dioxide","16980","Chicago-Naperville-Elgin, IL-IN-WI","17","Illinois","031","Cook","42.139996190948","-87.7992269168431"
"06/28/2016","170314201","2","1","ppb","1","24","100.0000","42401","Sulfur dioxide","16980","Chicago-Naperville-Elgin, IL-IN-WI","17","Illinois","031","Cook","42.139996190948","-87.7992269168431"
"06/29/2016","170314201","2","1.2","ppb","1","24","100.0000","42401","Sulfur dioxide","16980","Chicago-Naperville-Elgin, IL-IN-WI","17","Illinois","031","Cook","42.139996190948","-87.7992269168431"
"06/30/2016","170314201","2","1.1","ppb","1","24","100.0000","42401","Sulfur dioxide","16980","Chicago-Naperville-Elgin, IL-IN-WI","17","Illinois","031","Cook","42.139996190948","-87.7992269168431"
"07/01/2016","170314201","2","0.8","ppb","0","23","96.0000","42401","Sulfur dioxide","16980","Chicago-Naperville-Elgin, IL-IN-WI","17","Illinois","031","Cook","42.139996190948","-87.7992269168431"
"07/02/2016","170314201","2","1.3","ppb","1","24","100.0000","42401","Sulfur dioxide","16980","Chicago-Naperville-Elgin, IL-IN-WI","17","Illinois","031","Cook","42.139996190948","-87.7992269168431"
"07/03/2016","170314201","2","2.4","ppb","3","24","100.0000","42401","Sulfur dioxide","16980","Chicago-Naperville-Elgin, IL-IN-WI","17","Illinois","031","Cook","42.139996190948","-87.7992269168431"
"07/04/2016","170314201","2","2.6","ppb","3","24","100.0000","42401","Sulfur dioxide","16980","Chicago-Naperville-Elgin, IL-IN-WI","17","Illinois","031","Cook","42.139996190948","-87.7992269168431"
"07/05/2016","170314201","2","0.8","ppb","0","24","100.0000","42401","Sulfur dioxide","16980","Chicago-Naperville-Elgin, IL-IN-WI","17","Illinois","031","Cook","42.139996190948","-87.7992269168431"
"07/06/2016","170314201","2","0.8","ppb","0","24","100.0000","42401","Sulfur dioxide","16980","Chicago-Naperville-Elgin, IL-IN-WI","17","Illinois","031","Cook","42.139996190948","-87.7992269168431"
"07/07/2016","170314201","2","1.3","ppb","1","24","100.0000","42401","Sulfur dioxide","16980","Chicago-Naperville-Elgin, IL-IN-WI","17","Illinois","031","Cook","42.139996190948","-87.7992269168431"
"07/08/2016","170314201","2","0.8","ppb","0","24","100.0000","42401","Sulfur dioxide","16980","Chicago-Naperville-Elgin, IL-IN-WI","17","Illinois","031","Cook","42.139996190948","-87.7992269168431"
"07/09/2016","170314201","2","0.7","ppb","0","24","100.0000","42401","Sulfur dioxide","16980","Chicago-Naperville-Elgin, IL-IN-WI","17","Illinois","031","Cook","42.139996190948","-87.7992269168431"
"07/10/2016","170314201","2","1.1","ppb","1","24","100.0000","42401","Sulfur dioxide","16980","Chicago-Naperville-Elgin, IL-IN-WI","17","Illinois","031","Cook","42.139996190948","-87.7992269168431"
"07/11/2016","170314201","2","1.3","ppb","1","24","100.0000","42401","Sulfur dioxide","16980","Chicago-Naperville-Elgin, IL-IN-WI","17","Illinois","031","Cook","42.139996190948","-87.7992269168431"
"07/12/2016","170314201","2","1.6","ppb","1","24","100.0000","42401","Sulfur dioxide","16980","Chicago-Naperville-Elgin, IL-IN-WI","17","Illinois","031","Cook","42.139996190948","-87.7992269168431"
"07/13/2016","170314201","2","1.3","ppb","1","24","100.0000","42401","Sulfur dioxide","16980","Chicago-Naperville-Elgin, IL-IN-WI","17","Illinois","031","Cook","42.139996190948","-87.7992269168431"
"07/14/2016","170314201","2","0.8","ppb","0","24","100.0000","42401","Sulfur dioxide","16980","Chicago-Naperville-Elgin, IL-IN-WI","17","Illinois","031","Cook","42.139996190948","-87.7992269168431"
"07/15/2016","170314201","2","0.7","ppb","0","23","96.0000","42401","Sulfur dioxide","16980","Chicago-Naperville-Elgin, IL-IN-WI","17","Illinois","031","Cook","42.139996190948","-87.7992269168431"
"07/16/2016","170314201","2","1.3","ppb","1","24","100.0000","42401","Sulfur dioxide","16980","Chicago-Naperville-Elgin, IL-IN-WI","17","Illinois","031","Cook","42.139996190948","-87.7992269168431"
"07/17/2016","170314201","2","1.4","ppb","1","24","100.0000","42401","Sulfur dioxide","16980","Chicago-Naperville-Elgin, IL-IN-WI","17","Illinois","031","Cook","42.139996190948","-87.7992269168431"
"07/18/2016","170314201","2","1","ppb","1","24","100.0000","42401","Sulfur dioxide","16980","Chicago-Naperville-Elgin, IL-IN-WI","17","Illinois","031","Cook","42.139996190948","-87.7992269168431"
"07/19/2016","170314201","2","0.8","ppb","0","24","100.0000","42401","Sulfur dioxide","16980","Chicago-Naperville-Elgin, IL-IN-WI","17","Illinois","031","Cook","42.139996190948","-87.7992269168431"
"07/20/2016","170314201","2","1.8","ppb","1","24","100.0000","42401","Sulfur dioxide","16980","Chicago-Naperville-Elgin, IL-IN-WI","17","Illinois","031","Cook","42.139996190948","-87.7992269168431"
"07/21/2016","170314201","2","0.9","ppb","0","24","100.0000","42401","Sulfur dioxide","16980","Chicago-Naperville-Elgin, IL-IN-WI","17","Illinois","031","Cook","42.139996190948","-87.7992269168431"
"07/22/2016","170314201","2","0.8","ppb","0","24","100.0000","42401","Sulfur dioxide","16980","Chicago-Naperville-Elgin, IL-IN-WI","17","Illinois","031","Cook","42.139996190948","-87.7992269168431"
"07/23/2016","170314201","2","0.9","ppb","0","24","100.0000","42401","Sulfur dioxide","16980","Chicago-Naperville-Elgin, IL-IN-WI","17","Illinois","031","Cook","42.139996190948","-87.7992269168431"
"07/24/2016","170314201","2","1","ppb","1","24","100.0000","42401","Sulfur dioxide","16980","Chicago-Naperville-Elgin, IL-IN-WI","17","Illinois","031","Cook","42.139996190948","-87.7992269168431"
"07/25/2016","170314201","2","1.2","ppb","1","24","100.0000","42401","Sulfur dioxide","16980","Chicago-Naperville-Elgin, IL-IN-WI","17","Illinois","031","Cook","42.139996190948","-87.7992269168431"
"07/26/2016","170314201","2","1.4","ppb","1","24","100.0000","42401","Sulfur dioxide","16980","Chicago-Naperville-Elgin, IL-IN-WI","17","Illinois","031","Cook","42.139996190948","-87.7992269168431"
"07/27/2016","170314201","2","1.5","ppb","1","24","100.0000","42401","Sulfur dioxide","16980","Chicago-Naperville-Elgin, IL-IN-WI","17","Illinois","031","Cook","42.139996190948","-87.7992269168431"
"07/28/2016","170314201","2","1","ppb","1","23","96.0000","42401","Sulfur dioxide","16980","Chicago-Naperville-Elgin, IL-IN-WI","17","Illinois","031","Cook","42.139996190948","-87.7992269168431"
"07/29/2016","170314201","2","1","ppb","1","22","92.0000","42401","Sulfur dioxide","16980","Chicago-Naperville-Elgin, IL-IN-WI","17","Illinois","031","Cook","42.139996190948","-87.7992269168431"
"07/30/2016","170314201","2","1.9","ppb","1","22","92.0000","42401","Sulfur dioxide","16980","Chicago-Naperville-Elgin, IL-IN-WI","17","Illinois","031","Cook","42.139996190948","-87.7992269168431"
"07/31/2016","170314201","2","1.3","ppb","1","20","83.0000","42401","Sulfur dioxide","16980","Chicago-Naperville-Elgin, IL-IN-WI","17","Illinois","031","Cook","42.139996190948","-87.7992269168431"
"08/01/2016","170314201","2","1.9","ppb","1","22","92.0000","42401","Sulfur dioxide","16980","Chicago-Naperville-Elgin, IL-IN-WI","17","Illinois","031","Cook","42.139996190948","-87.7992269168431"
"08/02/2016","170314201","2","2.9","ppb","3","22","92.0000","42401","Sulfur dioxide","16980","Chicago-Naperville-Elgin, IL-IN-WI","17","Illinois","031","Cook","42.139996190948","-87.7992269168431"
"08/03/2016","170314201","2","2.4","ppb","3","22","92.0000","42401","Sulfur dioxide","16980","Chicago-Naperville-Elgin, IL-IN-WI","17","Illinois","031","Cook","42.139996190948","-87.7992269168431"
"08/04/2016","170314201","2","2.2","ppb","3","24","100.0000","42401","Sulfur dioxide","16980","Chicago-Naperville-Elgin, IL-IN-WI","17","Illinois","031","Cook","42.139996190948","-87.7992269168431"
"08/05/2016","170314201","2","2.4","ppb","3","24","100.0000","42401","Sulfur dioxide","16980","Chicago-Naperville-Elgin, IL-IN-WI","17","Illinois","031","Cook","42.139996190948","-87.7992269168431"
"08/06/2016","170314201","2","1.1","ppb","1","24","100.0000","42401","Sulfur dioxide","16980","Chicago-Naperville-Elgin, IL-IN-WI","17","Illinois","031","Cook","42.139996190948","-87.7992269168431"
"08/07/2016","170314201","2","1.7","ppb","1","24","100.0000","42401","Sulfur dioxide","16980","Chicago-Naperville-Elgin, IL-IN-WI","17","Illinois","031","Cook","42.139996190948","-87.7992269168431"
"08/08/2016","170314201","2","2.5","ppb","3","24","100.0000","42401","Sulfur dioxide","16980","Chicago-Naperville-Elgin, IL-IN-WI","17","Illinois","031","Cook","42.139996190948","-87.7992269168431"
"08/09/2016","170314201","2","3.3","ppb","4","24","100.0000","42401","Sulfur dioxide","16980","Chicago-Naperville-Elgin, IL-IN-WI","17","Illinois","031","Cook","42.139996190948","-87.7992269168431"
"08/10/2016","170314201","2","2.9","ppb","3","24","100.0000","42401","Sulfur dioxide","16980","Chicago-Naperville-Elgin, IL-IN-WI","17","Illinois","031","Cook","42.139996190948","-87.7992269168431"
"08/11/2016","170314201","2","3.5","ppb","4","24","100.0000","42401","Sulfur dioxide","16980","Chicago-Naperville-Elgin, IL-IN-WI","17","Illinois","031","Cook","42.139996190948","-87.7992269168431"
"08/12/2016","170314201","2","2.7","ppb","3","22","92.0000","42401","Sulfur dioxide","16980","Chicago-Naperville-Elgin, IL-IN-WI","17","Illinois","031","Cook","42.139996190948","-87.7992269168431"
"08/13/2016","170314201","2","2.5","ppb","3","24","100.0000","42401","Sulfur dioxide","16980","Chicago-Naperville-Elgin, IL-IN-WI","17","Illinois","031","Cook","42.139996190948","-87.7992269168431"
"08/14/2016","170314201","2","2.2","ppb","3","24","100.0000","42401","Sulfur dioxide","16980","Chicago-Naperville-Elgin, IL-IN-WI","17","Illinois","031","Cook","42.139996190948","-87.7992269168431"
"08/15/2016","170314201","2","3.4","ppb","4","24","100.0000","42401","Sulfur dioxide","16980","Chicago-Naperville-Elgin, IL-IN-WI","17","Illinois","031","Cook","42.139996190948","-87.7992269168431"
"08/16/2016","170314201","2","2.2","ppb","3","24","100.0000","42401","Sulfur dioxide","16980","Chicago-Naperville-Elgin, IL-IN-WI","17","Illinois","031","Cook","42.139996190948","-87.7992269168431"
"08/17/2016","170314201","2","2.4","ppb","3","24","100.0000","42401","Sulfur dioxide","16980","Chicago-Naperville-Elgin, IL-IN-WI","17","Illinois","031","Cook","42.139996190948","-87.7992269168431"
"08/18/2016","170314201","2","3.2","ppb","4","24","100.0000","42401","Sulfur dioxide","16980","Chicago-Naperville-Elgin, IL-IN-WI","17","Illinois","031","Cook","42.139996190948","-87.7992269168431"
"08/19/2016","170314201","2","2.3","ppb","3","24","100.0000","42401","Sulfur dioxide","16980","Chicago-Naperville-Elgin, IL-IN-WI","17","Illinois","031","Cook","42.139996190948","-87.7992269168431"
"08/20/2016","170314201","2","2.3","ppb","3","24","100.0000","42401","Sulfur dioxide","16980","Chicago-Naperville-Elgin, IL-IN-WI","17","Illinois","031","Cook","42.139996190948","-87.7992269168431"
"08/21/2016","170314201","2","2","ppb","3","24","100.0000","42401","Sulfur dioxide","16980","Chicago-Naperville-Elgin, IL-IN-WI","17","Illinois","031","Cook","42.139996190948","-87.7992269168431"
"08/22/2016","170314201","2","1.8","ppb","1","24","100.0000","42401","Sulfur dioxide","16980","Chicago-Naperville-Elgin, IL-IN-WI","17","Illinois","031","Cook","42.139996190948","-87.7992269168431"
"08/23/2016","170314201","2","2.4","ppb","3","24","100.0000","42401","Sulfur dioxide","16980","Chicago-Naperville-Elgin, IL-IN-WI","17","Illinois","031","Cook","42.139996190948","-87.7992269168431"
"08/24/2016","170314201","2","2.1","ppb","3","24","100.0000","42401","Sulfur dioxide","16980","Chicago-Naperville-Elgin, IL-IN-WI","17","Illinois","031","Cook","42.139996190948","-87.7992269168431"
"08/25/2016","170314201","2","1.8","ppb","1","24","100.0000","42401","Sulfur dioxide","16980","Chicago-Naperville-Elgin, IL-IN-WI","17","Illinois","031","Cook","42.139996190948","-87.7992269168431"
"08/26/2016","170314201","2","1.8","ppb","1","24","100.0000","42401","Sulfur dioxide","16980","Chicago-Naperville-Elgin, IL-IN-WI","17","Illinois","031","Cook","42.139996190948","-87.7992269168431"
"08/27/2016","170314201","2","2","ppb","3","24","100.0000","42401","Sulfur dioxide","16980","Chicago-Naperville-Elgin, IL-IN-WI","17","Illinois","031","Cook","42.139996190948","-87.7992269168431"
"08/28/2016","170314201","2","2.2","ppb","3","24","100.0000","42401","Sulfur dioxide","16980","Chicago-Naperville-Elgin, IL-IN-WI","17","Illinois","031","Cook","42.139996190948","-87.7992269168431"
"08/29/2016","170314201","2","2","ppb","3","24","100.0000","42401","Sulfur dioxide","16980","Chicago-Naperville-Elgin, IL-IN-WI","17","Illinois","031","Cook","42.139996190948","-87.7992269168431"
"08/30/2016","170314201","2","2.2","ppb","3","24","100.0000","42401","Sulfur dioxide","16980","Chicago-Naperville-Elgin, IL-IN-WI","17","Illinois","031","Cook","42.139996190948","-87.7992269168431"
"08/31/2016","170314201","2","2.1","ppb","3","24","100.0000","42401","Sulfur dioxide","16980","Chicago-Naperville-Elgin, IL-IN-WI","17","Illinois","031","Cook","42.139996190948","-87.7992269168431"
"09/01/2016","170314201","2","1.7","ppb","1","24","100.0000","42401","Sulfur dioxide","16980","Chicago-Naperville-Elgin, IL-IN-WI","17","Illinois","031","Cook","42.139996190948","-87.7992269168431"
"09/02/2016","170314201","2","2","ppb","3","23","96.0000","42401","Sulfur dioxide","16980","Chicago-Naperville-Elgin, IL-IN-WI","17","Illinois","031","Cook","42.139996190948","-87.7992269168431"
"09/03/2016","170314201","2","2.4","ppb","3","24","100.0000","42401","Sulfur dioxide","16980","Chicago-Naperville-Elgin, IL-IN-WI","17","Illinois","031","Cook","42.139996190948","-87.7992269168431"
"09/04/2016","170314201","2","2.8","ppb","3","24","100.0000","42401","Sulfur dioxide","16980","Chicago-Naperville-Elgin, IL-IN-WI","17","Illinois","031","Cook","42.139996190948","-87.7992269168431"
"09/05/2016","170314201","2","2.7","ppb","3","24","100.0000","42401","Sulfur dioxide","16980","Chicago-Naperville-Elgin, IL-IN-WI","17","Illinois","031","Cook","42.139996190948","-87.7992269168431"
"09/06/2016","170314201","2","2.2","ppb","3","24","100.0000","42401","Sulfur dioxide","16980","Chicago-Naperville-Elgin, IL-IN-WI","17","Illinois","031","Cook","42.139996190948","-87.7992269168431"
"09/07/2016","170314201","2","2.3","ppb","3","24","100.0000","42401","Sulfur dioxide","16980","Chicago-Naperville-Elgin, IL-IN-WI","17","Illinois","031","Cook","42.139996190948","-87.7992269168431"
"09/08/2016","170314201","2","2.1","ppb","3","24","100.0000","42401","Sulfur dioxide","16980","Chicago-Naperville-Elgin, IL-IN-WI","17","Illinois","031","Cook","42.139996190948","-87.7992269168431"
"09/09/2016","170314201","2","5.7","ppb","7","24","100.0000","42401","Sulfur dioxide","16980","Chicago-Naperville-Elgin, IL-IN-WI","17","Illinois","031","Cook","42.139996190948","-87.7992269168431"
"09/10/2016","170314201","2","2.6","ppb","3","24","100.0000","42401","Sulfur dioxide","16980","Chicago-Naperville-Elgin, IL-IN-WI","17","Illinois","031","Cook","42.139996190948","-87.7992269168431"
"09/11/2016","170314201","2","2.3","ppb","3","24","100.0000","42401","Sulfur dioxide","16980","Chicago-Naperville-Elgin, IL-IN-WI","17","Illinois","031","Cook","42.139996190948","-87.7992269168431"
"09/12/2016","170314201","2","2.9","ppb","3","24","100.0000","42401","Sulfur dioxide","16980","Chicago-Naperville-Elgin, IL-IN-WI","17","Illinois","031","Cook","42.139996190948","-87.7992269168431"
"09/13/2016","170314201","2","3","ppb","4","24","100.0000","42401","Sulfur dioxide","16980","Chicago-Naperville-Elgin, IL-IN-WI","17","Illinois","031","Cook","42.139996190948","-87.7992269168431"
"09/14/2016","170314201","2","1.4","ppb","1","22","92.0000","42401","Sulfur dioxide","16980","Chicago-Naperville-Elgin, IL-IN-WI","17","Illinois","031","Cook","42.139996190948","-87.7992269168431"
"09/15/2016","170314201","2","3.9","ppb","4","24","100.0000","42401","Sulfur dioxide","16980","Chicago-Naperville-Elgin, IL-IN-WI","17","Illinois","031","Cook","42.139996190948","-87.7992269168431"
"09/16/2016","170314201","2","4.3","ppb","6","24","100.0000","42401","Sulfur dioxide","16980","Chicago-Naperville-Elgin, IL-IN-WI","17","Illinois","031","Cook","42.139996190948","-87.7992269168431"
"09/17/2016","170314201","2","2.3","ppb","3","24","100.0000","42401","Sulfur dioxide","16980","Chicago-Naperville-Elgin, IL-IN-WI","17","Illinois","031","Cook","42.139996190948","-87.7992269168431"
"09/18/2016","170314201","2","2.7","ppb","3","24","100.0000","42401","Sulfur dioxide","16980","Chicago-Naperville-Elgin, IL-IN-WI","17","Illinois","031","Cook","42.139996190948","-87.7992269168431"
"09/19/2016","170314201","2","3.7","ppb","4","24","100.0000","42401","Sulfur dioxide","16980","Chicago-Naperville-Elgin, IL-IN-WI","17","Illinois","031","Cook","42.139996190948","-87.7992269168431"
"09/20/2016","170314201","2","2.7","ppb","3","24","100.0000","42401","Sulfur dioxide","16980","Chicago-Naperville-Elgin, IL-IN-WI","17","Illinois","031","Cook","42.139996190948","-87.7992269168431"
"09/21/2016","170314201","2","3.4","ppb","4","24","100.0000","42401","Sulfur dioxide","16980","Chicago-Naperville-Elgin, IL-IN-WI","17","Illinois","031","Cook","42.139996190948","-87.7992269168431"
"12/28/2016","170314201","2","2.2","ppb","3","24","100.0000","42401","Sulfur dioxide","16980","Chicago-Naperville-Elgin, IL-IN-WI","17","Illinois","031","Cook","42.139996190948","-87.7992269168431"
"12/29/2016","170314201","2","0.1","ppb","0","24","100.0000","42401","Sulfur dioxide","16980","Chicago-Naperville-Elgin, IL-IN-WI","17","Illinois","031","Cook","42.139996190948","-87.7992269168431"
